checked,coder,unique_id,expt_num,link,grammatical_class,paper_eligibility,short_cite,data_source,plot_label,expt_condition,dependent_measure,test_type,se,same_infant,language,mean_age,productive_vocab_mean,productive_vocab_median,population_type,sentence_structure,agent_argument_type,patient_argument_type,verb_type,stimuli_type,stimuli_modality,stimuli_actor,transitive_event_type,intransitive_event_type,presentation_type,character_identification,practice_phase,test_mass_or_distributed,n_train_test_pair,n_test_trial_per_pair,n_repetitions_sentence,n_repetitions_video,example_target_sentence,test_question,inclusion_certainty,note,n_1,x_1,x_2,x_2_raw,sd_1,sd_2,sd_2_raw,t,d,d_calc,d_var_calc,es_method,unique_infant,test_method,agent_argument_type_clean,agent_argument_number,agent_argument_type2,transitive_event_type2,patient_argument_type_clean,visual_stimuli_pair,adult_participant,data_source_clean,paradigm_type,publication_year
yes,anjie/molly,gertner2012,1,https://www.sciencedirect.com/science/article/abs/pii/S0010027712000601,verb,include,"Gertner, Y., & Fisher, C. (2012)",figure_6,Gertner & Fisher (2012) - 1a,transitive_sentence,looking_duration,action,0.058333333,1,English,627.064,NA,28,typically_developing,transitive,noun,noun,fake_verb,video_person,video,person,indirect_caused_action,parallel_actions,immediate_after,yes,yes,distributed,2,2,5,2,The girl is pilking the boy,NA,2,NA,8,0.6,0.5,NA,0.169705627,NA,NA,NA,NA,0.589255651,0.146701389,group_means_one,unique_condition,look,noun,1,noun,indirect_caused_action,noun,indirect_caused_action_parallel_actions,no,plot,action_matching,2012
yes,anjie/molly,gertner2012,1,https://www.sciencedirect.com/science/article/abs/pii/S0010027712000601,verb,include,"Gertner, Y., & Fisher, C. (2012)",figure_6,Gertner & Fisher (2012) - 1b,agent_first,looking_duration,action,0.036111111,2,English,627.064,NA,28,typically_developing,intransitive,2nouns,NA,fake_verb,video_person,video,person,indirect_caused_action,parallel_actions,immediate_after,yes,yes,distributed,2,2,5,2,The girl and the boy are pilking!,NA,1,"intransitive is 2 nouns, and difficulty depends on videos in scene",8,0.38,0.5,NA,0.169705627,NA,NA,NA,NA,-0.707106781,0.15625,group_means_one,unique_condition,look,noun_phrase,2,noun,indirect_caused_action,intransitive,indirect_caused_action_parallel_actions,no,plot,action_matching,2012
yes,anjie/molly,gertner2012,1,https://www.sciencedirect.com/science/article/abs/pii/S0010027712000601,verb,include,"Gertner, Y., & Fisher, C. (2012)",figure_6,Gertner & Fisher (2012) - 1c,patient_first,looking_duration,action,0.047222222,3,English,627.064,NA,28,typically_developing,intransitive,2nouns,NA,fake_verb,video_person,video,person,indirect_caused_action,parallel_actions,immediate_after,yes,yes,distributed,2,2,5,2,The boy and the girl are pilking!,NA,1,NA,8,0.57,0.5,NA,0.169705627,NA,NA,NA,NA,0.412478956,0.135633681,group_means_one,unique_condition,look,noun_phrase,2,noun,indirect_caused_action,intransitive,indirect_caused_action_parallel_actions,no,plot,action_matching,2012
yes,anjie,gertner2012,1,https://www.sciencedirect.com/science/article/abs/pii/S0010027712000601,verb,include,"Gertner, Y., & Fisher, C. (2012)",results_text,Gertner & Fisher (2012) - 1d,transitive_sentence,looking_duration,action,0.03,4,English,940.596,NA,NA,typically_developing,transitive,noun,noun,fake_verb,video_person,video,person,indirect_caused_action,parallel_actions,immediate_after,yes,yes,distributed,2,2,5,2,The girl is pilking the boy,NA,1,NA,6,0.56,0.5,NA,0.146969385,NA,NA,NA,NA,0.40824829,0.180555556,group_means_one,unique_condition,look,noun,1,noun,indirect_caused_action,noun,indirect_caused_action_parallel_actions,no,text,action_matching,2012
yes,anjie,gertner2012,1,https://www.sciencedirect.com/science/article/abs/pii/S0010027712000601,verb,include,"Gertner, Y., & Fisher, C. (2012)",results_text,Gertner & Fisher (2012) - 1e,agent_first,looking_duration,action,0.05,5,English,940.596,NA,NA,typically_developing,intransitive,2nouns,NA,fake_verb,video_person,video,person,indirect_caused_action,parallel_actions,immediate_after,yes,yes,distributed,2,2,5,2,The girl and the boy are pilking!,NA,1,"intransitive is 2 nouns, and difficulty depends on videos in scene",6,0.65,0.5,NA,0.146969385,NA,NA,NA,NA,1.020620726,0.253472222,group_means_one,unique_condition,look,noun_phrase,2,noun,indirect_caused_action,intransitive,indirect_caused_action_parallel_actions,no,text,action_matching,2012
yes,anjie,gertner2012,2,https://www.sciencedirect.com/science/article/abs/pii/S0010027712000601,verb,include,"Gertner, Y., & Fisher, C. (2012)",figure_6,Gertner & Fisher (2012) - 2a,transitive_sentence,looking_duration,action,0.026388889,6,English,633.152,NA,29.5,typically_developing,transitive,noun,noun,fake_verb,video_person,video,person,indirect_caused_action,parallel_actions,asynchronous,yes,yes,distributed,2,2,21,2,The girl is pilking the boy,NA,2,NA,8,0.563888889,0.5,NA,0.169705627,NA,NA,NA,NA,0.376468888,0.133858051,group_means_one,unique_condition,look,noun,1,noun,indirect_caused_action,noun,indirect_caused_action_parallel_actions,no,plot,action_matching,2012
yes,anjie,gertner2012,2,https://www.sciencedirect.com/science/article/abs/pii/S0010027712000601,verb,include,"Gertner, Y., & Fisher, C. (2012)",figure_6,Gertner & Fisher (2012) - 2b,agent_first,looking_duration,action,0.019444444,7,English,633.152,NA,29.5,typically_developing,intransitive,2nouns,NA,fake_verb,video_person,video,person,indirect_caused_action,parallel_actions,asynchronous,yes,yes,distributed,2,2,21,2,The girl and the boy are pilking!,NA,1,"intransitive is 2 nouns, and difficulty depends on videos in scene",8,0.370833333,0.5,NA,0.169705627,NA,NA,NA,NA,-0.761121883,0.161206658,group_means_one,unique_condition,look,noun_phrase,2,noun,indirect_caused_action,intransitive,indirect_caused_action_parallel_actions,no,plot,action_matching,2012
yes,anjie,gertner2012,2,https://www.sciencedirect.com/science/article/abs/pii/S0010027712000601,verb,include,"Gertner, Y., & Fisher, C. (2012)",figure_6,Gertner & Fisher (2012) - 2c,patient_first,looking_duration,action,0.031944444,8,English,633.152,NA,29.5,typically_developing,intransitive,2nouns,NA,fake_verb,video_person,video,person,indirect_caused_action,parallel_actions,asynchronous,yes,yes,distributed,2,2,21,2,The boy and the girl are pilking!,NA,1,"intransitive is 2 nouns, and difficulty depends on videos in scene",8,0.577777778,0.5,NA,0.169705627,NA,NA,NA,NA,0.458309951,0.138128001,group_means_one,unique_condition,look,noun_phrase,2,noun,indirect_caused_action,intransitive,indirect_caused_action_parallel_actions,no,plot,action_matching,2012
yes,anjie,he2020,1,https://reader.elsevier.com/reader/sd/pii/S001002772030024X?token=02503878CEB15BF77278EC5C399C67DB6C05F24619E47B377C90E3E161E184F5CD606796ACFC2D3E4871B90D3BE46E5C,verb,include,"He, A. X., Huang, S., Waxman, S., & Arunachalam, S. (2020).",results_text,"He, Huang, Waxman, & Arunachalam (2020) - 1a",wake_condition_visit1,looking_duration,action,NA,9,English,815.792,NA,NA,typically_developing,transitive,noun,noun,fake_verb,video_person,video,person,direct_caused_action,parallel_actions,asynchronous,no,no,distributed,4,1,8,2,They boy is going to moop the lady,Look! Where's mooping? Do you see mooping? Find mooping,2,NA,21,0.43,0.5,NA,0.13,NA,NA,NA,NA,-0.538461538,0.054522401,group_means_one,unique_condition,look,noun,1,noun,direct_caused_action,noun,direct_caused_action_parallel_actions,no,text,action_matching,2020
yes,anjie,he2020,1,https://reader.elsevier.com/reader/sd/pii/S001002772030024X?token=02503878CEB15BF77278EC5C399C67DB6C05F24619E47B377C90E3E161E184F5CD606796ACFC2D3E4871B90D3BE46E5C,verb,include,"He, A. X., Huang, S., Waxman, S., & Arunachalam, S. (2020).",results_text,"He, Huang, Waxman, & Arunachalam (2020) - 1b",nap_condition_visit1,looking_duration,action,NA,10,English,815.792,NA,NA,typically_developing,transitive,noun,noun,fake_verb,video_person,video,person,direct_caused_action,parallel_actions,asynchronous,no,no,distributed,4,1,8,2,They boy is going to moop the lady,Look! Where's mooping? Do you see mooping? Find mooping,2,NA,21,0.41,0.5,NA,0.17,NA,NA,NA,NA,-0.529411765,0.054292305,group_means_one,unique_condition,look,noun,1,noun,direct_caused_action,noun,direct_caused_action_parallel_actions,no,text,action_matching,2020
yes,izzy,jin2015,1,https://www.ideals.illinois.edu/handle/2142/78435,verb,include,"Jin, K. S. (2015)",results_text,Jin (2015) - 1a,no_bystander_transitive,looking_duration,action,NA,11,English,471.82,NA,NA,typically_developing,transitive,noun_and_pronoun,noun,fake_verb,animation_shape,animation,non_person,direct_caused_action,one_action,asynchronous,no,no,mass,1,2,17,2,He's kradding him!,Find kradding!,2,NA,12,0.56,0.5,NA,0.16,NA,NA,NA,NA,0.375,0.089192708,group_means_one,unique_condition,look,varying_agent,varying,pronoun,direct_caused_action,noun,direct_caused_action_one_action,no,text,action_matching,2015
yes,izzy,jin2015,1,https://www.ideals.illinois.edu/handle/2142/78436,verb,include,"Jin, K. S. (2015)",results_text,Jin (2015) - 1b,no_bystander_intransitive,looking_duration,action,NA,12,English,471.82,NA,NA,typically_developing,intransitive,noun_and_pronoun,NA,fake_verb,animation_shape,animation,non_person,direct_caused_action,one_action,asynchronous,no,no,mass,1,2,17,2,He's kradding!,Find kradding!,2,NA,12,0.6,0.5,NA,0.16,NA,NA,NA,NA,0.625,0.099609375,group_means_one,unique_condition,look,varying_agent,varying,pronoun,direct_caused_action,intransitive,direct_caused_action_one_action,no,text,action_matching,2015
yes,izzy,jin2015,1,https://www.ideals.illinois.edu/handle/2142/78437,verb,include,"Jin, K. S. (2015)",results_text,Jin (2015) - 1c,no_bystander_transitive_ rep,looking_duration,action,NA,13,English,453.556,NA,NA,typically_developing,transitive,noun_and_pronoun,noun,fake_verb,animation_shape,animation,non_person,direct_caused_action,one_action,asynchronous,no,no,mass,1,2,17,2,He's kradding him!,Find kradding!,2,NA,12,0.62,0.5,NA,0.1,NA,NA,NA,NA,1.2,0.143333333,group_means_one,unique_condition,look,varying_agent,varying,pronoun,direct_caused_action,noun,direct_caused_action_one_action,no,text,action_matching,2015
yes,izzy,jin2015,1,https://www.ideals.illinois.edu/handle/2142/78438,verb,include,"Jin, K. S. (2015)",results_text,Jin (2015) - 1d,no_bystander_intransitive_rep,looking_duration,action,NA,14,English,453.556,NA,NA,typically_developing,intransitive,noun_and_pronoun,NA,fake_verb,animation_shape,animation,non_person,direct_caused_action,one_action,asynchronous,no,no,mass,1,2,17,2,He's kradding!,Find kradding!,2,NA,12,0.49,0.5,NA,0.11,NA,NA,NA,NA,-0.090909091,0.083677686,group_means_one,unique_condition,look,varying_agent,varying,pronoun,direct_caused_action,intransitive,direct_caused_action_one_action,no,text,action_matching,2015
yes,izzy,jin2015,2,https://www.ideals.illinois.edu/handle/2142/78437,verb,include,"Jin, K. S. (2015)",results_text,Jin (2015) - 2a,bystander_transitive,looking_duration,action,NA,15,English,471.82,NA,NA,typically_developing,transitive,noun_and_pronoun,noun,fake_verb,animation_shape,animation,non_person,direct_caused_action,parallel_actions,asynchronous,no,no,mass,1,2,17,2,He's kradding him!,Find kradding!,2,NA,12,0.58,0.5,NA,0.18,NA,NA,NA,NA,0.444444444,0.091563786,group_means_one,unique_condition,look,varying_agent,varying,pronoun,direct_caused_action,noun,direct_caused_action_parallel_actions,no,text,action_matching,2015
yes,izzy,jin2015,2,https://www.ideals.illinois.edu/handle/2142/78438,verb,include,"Jin, K. S. (2015)",results_text,Jin (2015) - 2b,bystander_intransitive,looking_duration,action,NA,16,English,471.82,NA,NA,typically_developing,intransitive,noun_and_pronoun,NA,fake_verb,animation_shape,animation,non_person,direct_caused_action,parallel_actions,asynchronous,no,no,mass,1,2,17,2,He's kradding!,Find kradding!,2,NA,12,0.63,0.5,NA,0.19,NA,NA,NA,NA,0.684210526,0.102839335,group_means_one,unique_condition,look,varying_agent,varying,pronoun,direct_caused_action,intransitive,direct_caused_action_parallel_actions,no,text,action_matching,2015
yes,izzy,jin2015,3,https://www.ideals.illinois.edu/handle/2142/78439,verb,include,"Jin, K. S. (2015)",results_text,Jin (2015) - 3a,it_transitive,looking_duration,action,NA,17,English,578.36,NA,17,typically_developing,transitive,noun_and_pronoun,noun,fake_verb,animation_shape,animation,non_person,direct_caused_action,parallel_actions,asynchronous,no,no,mass,1,3,13,3,The cat lorped the bunny!,it's lorping it!,2,NA,16,0.56,0.5,NA,0.09,NA,NA,NA,NA,0.666666667,0.076388889,group_means_one,unique_condition,look,varying_agent,varying,pronoun,direct_caused_action,noun,direct_caused_action_parallel_actions,no,text,action_matching,2015
yes,izzy,jin2015,3,https://www.ideals.illinois.edu/handle/2142/78440,verb,include,"Jin, K. S. (2015)",results_text,Jin (2015) - 3b,it_intransitive,looking_duration,action,NA,18,English,578.36,NA,17,typically_developing,intransitive,noun_and_pronoun,NA,fake_verb,animation_shape,animation,non_person,direct_caused_action,parallel_actions,asynchronous,no,no,mass,1,3,13,3,The cat lorped!,it's lorping!,2,NA,16,0.53,0.5,NA,0.14,NA,NA,NA,NA,0.214285714,0.063934949,group_means_one,unique_condition,look,varying_agent,varying,pronoun,direct_caused_action,intransitive,direct_caused_action_parallel_actions,no,text,action_matching,2015
yes,anjie,jin2015,6,https://www.ideals.illinois.edu/handle/2142/78440,verb,include,"Jin, K. S. (2015)",results_text,Jin (2015) - 6a,same_verb_intransitive,looking_duration,action,NA,19,English,1269.348,NA,90,typically_developing,intransitive,noun_and_pronoun,NA,fake_verb,video_person,video,person,indirect_caused_action,parallel_actions,asynchronous,no,yes,mass,1,3,10,3,She is pilking!,Find pilking!,2,NA,16,0.49,0.5,NA,0.12,NA,NA,NA,NA,-0.083333333,0.062717014,group_means_one,unique_condition,look,varying_agent,varying,pronoun,indirect_caused_action,intransitive,indirect_caused_action_parallel_actions,no,text,action_matching,2015
yes,anjie,jin2015,7,https://www.ideals.illinois.edu/handle/2142/78440,verb,include,"Jin, K. S. (2015)",table_3,Jin (2015) - 6b,coherent_intransitive,looking_duration,action,NA,20,English,1217.6,NA,81,typically_developing,intransitive,noun_and_pronoun,NA,fake_verb,video_person,video,person,direct_caused_action,parallel_actions,asynchronous,no,yes,mass,1,1,12,1,she is pilking?,find pilking! where's pilking?,NA,NA,24,0.529411765,0.5,NA,0.181818182,NA,NA,NA,NA,0.161764706,0.04221183,group_means_one,unique_condition,look,varying_agent,varying,pronoun,direct_caused_action,intransitive,direct_caused_action_parallel_actions,no,table,action_matching,2015
yes,anjie,jin2015,8,https://www.ideals.illinois.edu/handle/2142/78440,verb,include,"Jin, K. S. (2015)",results_text,Jin (2015) - 6c,coherent_intransitive_2,looking_duration,action,NA,21,English,992.344,NA,59,typically_developing,intransitive,noun_and_pronoun,NA,fake_verb,video_person,video,person,direct_caused_action,parallel_actions,asynchronous,no,yes,mass,1,1,12,1,she is pilking?,find pilking! where's pilking?,2,NA,16,0.55,0.5,NA,0.18,NA,NA,NA,NA,0.277777778,0.064911265,group_means_one,unique_condition,look,varying_agent,varying,pronoun,direct_caused_action,intransitive,direct_caused_action_parallel_actions,no,text,action_matching,2015
yes,anjie,jin2015,8,https://www.ideals.illinois.edu/handle/2142/78440,verb,include,"Jin, K. S. (2015)",results_text,Jin (2015) - 6d,coherent_intransitive_3,looking_duration,action,NA,22,English,1278.48,NA,82.5,typically_developing,intransitive,noun_and_pronoun,NA,fake_verb,video_person,video,person,direct_caused_action,parallel_actions,asynchronous,no,yes,mass,1,1,12,1,she is pilking?,find pilking! where's pilking?,2,NA,15,0.49,0.5,NA,0.14,NA,NA,NA,NA,-0.071428571,0.066836735,group_means_one,unique_condition,look,varying_agent,varying,pronoun,direct_caused_action,intransitive,direct_caused_action_parallel_actions,no,text,action_matching,2015
yes,maya/anjie,naigles2011,1,https://onlinelibrary.wiley.com/doi/full/10.1002/aur.223?casa_token=Gny81KxMUrQAAAAA%3Adhn9dMHKXEwe1lAgt2RHsmj5fErzaV97YT5ad20C-S_-Op9-RR5jmfF9zq42yzO5IcFE133jdnM,verb,include,"Naigles, L. R., Kelty, E., Jaffery, R., & Fein, D. (2011).",table_vi,"Naigles, Kelty, Jaffery, & Fein (2011) - 1a",transitive_intransitive,looking_duration,action,0.1,naigles2011,English,626.7596,118.77,NA,typically_developing,transitive,noun,noun,fake_verb,video_animal,video,non_person,direct_caused_action,parallel_actions,simultaneous,no,no,distributed,2,2,3,6,the duck is gorping the bunny!,They're different now! Where is gorping now?Find gorping!,2,NA,18,0.49,0.5,0.49,0.424264069,NA,0.1552,1.72,0.41,-0.023570226,0.055570988,group_means_one,not_unique,look,noun,1,noun,direct_caused_action,noun,direct_caused_action_parallel_actions,no,table,action_matching,2011
yes,anjie,yuan2009a,1,https://journals.sagepub.com/doi/abs/10.1111/j.1467-9280.2009.02341.x,verb,include,"Yuan, S., & Fisher, C. (2009).",table_1,Yuan & Fisher (2009) - 1a,transitive_sentence,looking_duration,action,0.055916775,24,English,870.584,NA,78.5,typically_developing,transitive,noun_and_pronoun,noun,fake_verb,video_person,video,person,direct_caused_action,one_action,asynchronous,no,yes,mass,1,2,8,2,Hey...Jim is gonna blick the cat!,Find blicking! Where’s blicking? See? Where’s blicking?,2,NA,8,0.626788036,0.5,NA,0.158156523,NA,NA,NA,NA,0.801661758,0.165166348,group_means_one,unique_condition,look,varying_agent,varying,pronoun,direct_caused_action,noun,direct_caused_action_one_action,no,table,action_matching,2009
yes,anjie,yuan2009a,1,https://journals.sagepub.com/doi/abs/10.1111/j.1467-9280.2009.02341.x,verb,include,"Yuan, S., & Fisher, C. (2009).",table_1,Yuan & Fisher (2009) - 1b,intransitive_sentence,looking_duration,action,0.053691275,25,English,870.584,NA,78.5,typically_developing,intransitive,noun_and_pronoun,NA,fake_verb,video_person,video,person,direct_caused_action,one_action,asynchronous,no,yes,mass,1,2,8,2,Hey...Jim is gonna blick!,Find blicking! Where’s blicking? See? Where’s blicking?,2,NA,8,0.553020134,0.5,NA,0.151861859,NA,NA,NA,NA,0.349133973,0.132618408,group_means_one,unique_condition,look,varying_agent,varying,pronoun,direct_caused_action,intransitive,direct_caused_action_one_action,no,table,action_matching,2009
yes,anjie,yuan2009a,2,https://journals.sagepub.com/doi/abs/10.1111/j.1467-9280.2009.02341.x,verb,include,"Yuan, S., & Fisher, C. (2009).",table_2,Yuan & Fisher (2009) - 2a,transitive_sentence_same_day,looking_duration,action,0.049414824,26,English,864.496,NA,72.5,typically_developing,transitive,noun_and_pronoun,noun,fake_verb,video_person,video,person,direct_caused_action,one_action,asynchronous,no,yes,mass,1,3,12,3,Hey...Jim is gonna blick the cat!,Find blicking! Where’s blicking? See? Where’s blicking?,2,NA,8,0.703511053,0.5,NA,0.13976623,NA,NA,NA,NA,1.456081727,0.257510875,group_means_one,unique_condition,look,varying_agent,varying,pronoun,direct_caused_action,noun,direct_caused_action_one_action,no,table,action_matching,2009
yes,anjie,yuan2009a,2,https://journals.sagepub.com/doi/abs/10.1111/j.1467-9280.2009.02341.x,verb,include,"Yuan, S., & Fisher, C. (2009).",table_2,Yuan & Fisher (2009) - 2b,intransitive_sentence_same_day,looking_duration,action,0.026388889,27,English,864.496,NA,72.5,typically_developing,intransitive,noun_and_pronoun,NA,fake_verb,video_person,video,person,direct_caused_action,one_action,asynchronous,no,yes,mass,1,3,12,3,Hey...Jim is gonna blick!,Find blicking! Where’s blicking? See? Where’s blicking?,2,this paper also has a condition that kiddos tested on the second day,8,0.429166667,0.5,NA,0.074639049,NA,NA,NA,NA,-0.949011733,0.181288954,group_means_one,unique_condition,look,varying_agent,varying,pronoun,direct_caused_action,intransitive,direct_caused_action_one_action,no,table,action_matching,2009
yes,alana/anjie,arunachalam2010,1,https://www.sciencedirect.com/science/article/abs/pii/S0010027709002674,verb,include,"Arunachalam, S., & Waxman, S. R. (2010)",results_text,Arunachalam & Waxman (2010) - 1a,transitive,point_scene,action,NA,28,English,831.012,442,NA,typically_developing,transitive,noun_and_pronoun,pronoun_and_noun,fake_verb,video_person,video,person,direct_caused_action,parallel_actions,asynchronous,no,yes,distributed,4,1,8,2,The lady mooped my brother / he is going to moop her,"Look, wow! Where's mooping?Do you see mooping? Find mooping!",2,NA,20,0.67,0.5,NA,NA,NA,NA,3.19,0.71,0.713305685,0.062720125,t_one,unique_condition,point,varying_agent,varying,pronoun,indirect_caused_action,varying_patient,direct_caused_action_parallel_actions,no,text,action_matching,2010
yes,alana/anjie,arunachalam2010,1,https://www.sciencedirect.com/science/article/abs/pii/S0010027709002674,verb,include,"Arunachalam, S., & Waxman, S. R. (2010)",results_text,Arunachalam & Waxman (2010) - 1b,intransitive,point_scene,action,NA,29,English,831.012,442,NA,typically_developing,intransitive,two_nouns_and_pronoun,intransitive,fake_verb,video_person,video,person,direct_caused_action,parallel_actions,asynchronous,no,yes,distributed,4,1,8,2,The lady and my brother mooped / Oh yes. They are going to moop,"Look, wow! Where's mooping?Do you see mooping? Find mooping!",2,NA,20,0.57,0.5,NA,NA,NA,NA,1.34,NA,0.299633109,0.0522445,t_one,unique_condition,point,varying_agent,varying,pronoun,indirect_caused_action,intransitive,direct_caused_action_parallel_actions,no,text,action_matching,2010
yes,alana/anjie,arunachalam2013b,1,https://www.sciencedirect.com/science/article/pii/S0010027713001789,verb,include,"Arunachalam, S. (2013)",results_text,Arunachalam (2013) - 1a,transitive,looking_duration,action,NA,30,English,827.968,75,NA,typically_developing,transitive,noun,noun,fake_verb,video_person,video,person,direct_caused_action,parallel_actions,asynchronous,no,yes,distributed,4,1,27,2,The girl wants to lorp the teacher,"Look, wow! Where's lorping? Find lorping!",2,NA,20,0.59,0.5,NA,0.2,0.2,NA,NA,NA,0.45,0.0550625,group_means_one,unique_condition,look,noun,1,noun,indirect_caused_action,noun,direct_caused_action_parallel_actions,no,text,action_matching,2013
yes,alana/anjie,arunachalam2013b,1,https://www.sciencedirect.com/science/article/pii/S0010027713001789,verb,include,"Arunachalam, S. (2013)",results_text,Arunachalam (2013) - 1b,intransitive,looking_duration,action,NA,31,English,827.968,75,NA,typically_developing,intransitive,two_nouns,intransitive,fake_verb,video_person,video,person,direct_caused_action,parallel_actions,asynchronous,no,yes,distributed,4,1,27,2,The girl and the teacher want to lorp,"Look, wow! Where's lorping? Find lorping!",2,NA,20,0.56,0.5,NA,0.23,0.23,NA,NA,NA,0.260869565,0.051701323,group_means_one,unique_condition,look,noun_phrase,2,noun,indirect_caused_action,intransitive,direct_caused_action_parallel_actions,no,text,action_matching,2013
NA,anjie,jyotishi,1,POSTER,verb,include,"Jyotishi & Naigles, Poster",results_figure,"Jyotishi & Naigles, poster - 1a",transitive,looking_duration,action,NA,naigles2011,English,875.15,456.06,NA,typically_developing,transitive,noun,noun,fake_verb,video_person,video,non_person,direct_caused_action,parallel_actions,simultaneous,yes,no,distributed,2,2,3,6,Oh Look! The duck is gorping the bunny!,Find gorping,2,NA,17,0.53,0.5,0.42,0.1671,0.1671,0.1456,NA,NA,0.179533214,0.059771535,group_means_one,not_unique,look,noun,1,noun,direct_caused_action,noun,direct_caused_action_parallel_actions,no,plot,action_matching,NA
NA,anjie,jyotishi,1,POSTER,verb,include,"Jyotishi & Naigles, Poster",results_figure,"Jyotishi & Naigles, poster - 1b",intransitive,looking_duration,action,NA,naigles2011,English,875.15,456.06,NA,typically_developing,intransitive,two_nouns,NA,fake_verb,video_person,video,non_person,direct_caused_action,parallel_actions,simultaneous,yes,no,distributed,2,2,3,6,Oh Look! The duck and bunny are zubbing!,Find zubbing!,2,NA,17,0.565465839,0.5,0.509503106,0.164867685,0.164867685,0.204546269,NA,NA,0.39708108,0.063460982,group_means_one,not_unique,look,noun_phrase,2,noun,direct_caused_action,intransitive,direct_caused_action_parallel_actions,no,plot,action_matching,NA
yes,izzy,messenger2014,1,https://www.tandfonline.com/doi/full/10.1080/15475441.2014.978331?scroll=top&needAccess=true,verb,include,"Messenger, K., Yuan, S., & Fisher, C. (2015)",figure_2,"Messenger, Yuan, & Fisher (2015) - 1a",same_transitive,looking_duration,action,NA,34,English,684.9,NA,38,typically_developing,transitive,noun_and_pronoun,noun,fake_verb,video_person,video,person,direct_caused_action,parallel_actions,asynchronous,no,yes,mass,1,2,16,2,And Bill was blicking the duck.,Find X-ing!,2,NA,8,0.679780421,0.5,NA,0.2,0.21,NA,NA,NA,0.898902104,0.175501562,group_means_one,unique_condition,look,varying_agent,varying,pronoun,direct_caused_action,noun,direct_caused_action_parallel_actions,no,plot,action_matching,2014
yes,izzy,messenger2014,1,https://www.tandfonline.com/doi/full/10.1080/15475441.2014.978331?scroll=top&needAccess=true,verb,include,"Messenger, K., Yuan, S., & Fisher, C. (2015)",figure_2,"Messenger, Yuan, & Fisher (2015) - 1b",same_intransitive,looking_duration,action,NA,35,English,684.9,NA,38,typically_developing,intransitive,noun_and_pronoun,NA,fake_verb,video_person,video,person,direct_caused_action,parallel_actions,asynchronous,no,yes,mass,1,2,16,2,And Bill was blicking.,Find X-ing!,2,NA,8,0.62,0.5,NA,0.2,0.2,NA,NA,NA,0.6,0.1475,group_means_one,unique_condition,look,varying_agent,varying,pronoun,direct_caused_action,intransitive,direct_caused_action_parallel_actions,no,plot,action_matching,2014
no,anjie,naigles_unpublished_visit5,visit5,unpublished_data,verb,include,"Naigles, unpublished data, visit 5",author_contact,"Naigles, unpublished - v5",transitive,looking_duration,action,NA,naigles2011,English,1117.7568,NA,NA,typically_developing,transitive,noun,noun,fake_verb,video_person,video,non_person,direct_caused_action,parallel_actions,simultaneous,yes,no,distributed,2,2,3,6,Oh Look! The duck is gorping the bunny!,Find gorping,1,"data quite noisey: collapse across two type of testing procedures: one tested four novel verb in transitive, the other tested two novel verb in transitive and than in inintransitive",33,0.54,0.5,0.4586,0.0804,0.0804,0.1068,NA,NA,0.497512438,0.034053313,group_means_one,not_unique,look,noun,1,noun,direct_caused_action,noun,direct_caused_action_parallel_actions,no,author_contact,action_matching,5
no,anjie,naigles_unpublished_visit6,visit6,unpublished_data,verb,include,"Naigles, unpublished data, visit 6",author_contact,"Naigles, unpublished - v6",transitive,looking_duration,action,NA,naigles2011,English,1246.8224,NA,NA,typically_developing,transitive,noun,noun,fake_verb,video_person,video,non_person,direct_caused_action,parallel_actions,simultaneous,yes,no,distributed,2,2,3,6,Oh Look! The duck is gorping the bunny!,Find gorping,1,"data quite noisey: collapse across two type of testing procedures: one tested four novel verb in transitive, the other tested two novel verb in transitive and than in inintransitive",34,0.5565,0.5,0.4793,0.1001,0.1001,0.1146,NA,NA,0.564435564,0.034096875,group_means_one,not_unique,look,noun,1,noun,direct_caused_action,noun,direct_caused_action_parallel_actions,no,author_contact,action_matching,6
no,anjie,naigles1990,1,https://www.cambridge.org/core/journals/journal-of-child-language/article/children-use-syntax-to-learn-verb-meanings/4E19981CDD2D247CBB37D32A45BAFE31,verb,include,"Naigles, L.(1990).",author_contact,Naigles (1990) - 1a,transitive,looking_duration,action,NA,38,English,761,NA,NA,typically_developing,transitive,noun,noun,fake_verb,video_non_person,video,non_person,direct_caused_action,parallel_actions,immediate_after,yes,no,distributed,4,2,3,6,Look! The duck is gorping the bunny!,Where's the gorping now?,2,NA,12,0.548076923,0.5,NA,0.136538462,0.136538462,NA,NA,NA,0.352112676,0.088499306,group_means_one,unique_condition,look,noun,1,noun,direct_caused_action,noun,direct_caused_action_parallel_actions,no,author_contact,action_matching,1990
no,anjie,naigles1990,1,https://www.cambridge.org/core/journals/journal-of-child-language/article/children-use-syntax-to-learn-verb-meanings/4E19981CDD2D247CBB37D32A45BAFE31,verb,include,"Naigles, L.(1990).",author_contact,Naigles (1990) - 1b,intransitive,looking_duration,action,NA,39,English,761,NA,NA,typically_developing,intransitive,two_nouns,NA,fake_verb,video_non_person,video,non_person,direct_caused_action,parallel_actions,immediate_after,yes,no,distributed,4,2,3,6,Look! The duck and the bunny are gorping!,Where's the gorping now?,2,NA,12,0.595103578,0.5,NA,0.105461394,0.105461394,NA,NA,NA,0.901785714,0.117217395,group_means_one,unique_condition,look,noun_phrase,2,noun,direct_caused_action,intransitive,direct_caused_action_parallel_actions,no,author_contact,action_matching,1990
yes,maya/anjie,naigles1993,2,https://www.jstor.org/stable/pdf/1131462.pdf?seq=2,verb,include,"Naigles, L. G., & Kako, E.T. (1993).",results_text,Naigles & Kako (1993) - 2a,transitive_sentence,looking_duration,action,NA,40,English,852.32,NA,NA,typically_developing,transitive,noun,noun,fake_verb,video_animal,video,non_person,minimal_contact,parallel_actions,immediate_after,yes,no,distributed,4,2,3,6,the duck is gorping the frog,Oh! They're different now!Where's gorping now? Find gorping!,2,calculated SD from raw,20,0.505154639,0.5,NA,0.121649485,0.121649485,NA,NA,NA,0.042372881,0.050044887,group_means_one,unique_condition,look,noun,1,noun,indirect_caused_action,noun,minimal_contact_parallel_actions,no,text,action_matching,1993
yes,maya/anjie,naigles1993,2,https://www.jstor.org/stable/pdf/1131462.pdf?seq=3,verb,include,"Naigles, L. G., & Kako, E.T. (1993).",results_text,Naigles & Kako (1993) - 2b,intransitive_sentence,looking_duration,action,NA,41,English,791.44,NA,NA,typically_developing,intransitive,2noun,NA,fake_verb,video_animal,video,non_person,minimal_contact,parallel_actions,immediate_after,yes,no,distributed,4,2,3,6,the duck and the frog are gorping,Oh! They're different now!Where's gorping now? Find gorping!,2,calculated SD from raw,16,0.564755839,0.5,NA,0.118895966,0.118895966,NA,NA,NA,0.544642857,0.07176987,group_means_one,unique_condition,look,noun_phrase,2,noun,indirect_caused_action,intransitive,minimal_contact_parallel_actions,no,text,action_matching,1993
no,anjie,scott2017,2,https://www.mitpressjournals.org/doi/full/10.1162/OPMI_a_00001,verb,include,"Scott, K., Chu, J., & Schulz, L. (2017)",author_contact,"Scott, Chu, & Schulz (2017) - 2a",transitive_experiment,looking_duration,action,NA,42,English,888.848,NA,NA,typically_developing,transitive,noun,noun,fake_verb,video_person,video,person,direct_caused_action,one_action,asynchronous,no,yes,distributed,4,2,12,3,NA,Where's meeking? Find meeking,1,online study,16,0.426287744,0.5,NA,0.126702191,0.126702191,NA,NA,NA,-0.581775701,0.073076968,group_means_one,unique_condition,look,noun,1,noun,direct_caused_action,noun,direct_caused_action_one_action,no,author_contact,action_matching,2017
no,anjie,scott2017,2,https://www.mitpressjournals.org/doi/full/10.1162/OPMI_a_00001,verb,include,"Scott, K., Chu, J., & Schulz, L. (2017)",author_contact,"Scott, Chu, & Schulz (2017) - 2b",intransitive_experiment,looking_duration,action,NA,43,English,888.848,NA,NA,typically_developing,intransitive,noun,NA,fake_verb,video_person,video,person,direct_caused_action,one_action,asynchronous,no,yes,distributed,4,2,12,3,Jane is gonna meek!,Where's meeking? Find meeking,1,online study,17,0.533149171,0.5,NA,0.166298343,0.166298343,NA,NA,NA,0.199335548,0.059992196,group_means_one,unique_condition,look,noun,1,noun,direct_caused_action,intransitive,direct_caused_action_one_action,no,author_contact,action_matching,2017
yes,anjie,yuan2012,1,https://srcd.onlinelibrary.wiley.com/doi/full/10.1111/j.1467-8624.2012.01783.x?casa_token=L0uY-e1_C9sAAAAA%3AzP8_NodiA0Z5TaR4sfXCXxhhXOkp63eKDs0p2ofpNhOEj52lWyR9-FNbNd7e1CVBm1rlv3ZG0Y8,verb,include,"Yuan, S., Fisher, C., & Snedeker, J. (2012)",results_text,"Yuan, Fisher, & Snedeker (2012) - 1a",transitive_sentence_simple_event,looking_duration,action,NA,44,English,648.372,NA,30,typically_developing,transitive,pronoun,pronoun,fake_verb,video_person,video,person,direct_caused_action,one_action,immediate_after,no,yes,mass,1,2,5,2,He's gorping him!,Find gorping.,2,NA,8,0.67,0.5,NA,0.13,0.13,NA,NA,NA,1.307692308,0.231878698,group_means_one,unique_condition,look,pronoun,1,pronoun,direct_caused_action,pronoun,direct_caused_action_one_action,no,text,action_matching,2012
no,anjie,yuan2012,1,https://srcd.onlinelibrary.wiley.com/doi/full/10.1111/j.1467-8624.2012.01783.x?casa_token=L0uY-e1_C9sAAAAA%3AzP8_NodiA0Z5TaR4sfXCXxhhXOkp63eKDs0p2ofpNhOEj52lWyR9-FNbNd7e1CVBm1rlv3ZG0Y8,verb,include,"Yuan, S., Fisher, C., & Snedeker, J. (2012)",results_text,"Yuan, Fisher, & Snedeker (2012) - 1b",intransitive_sentence_simple_event,looking_duration,action,NA,45,English,648.372,NA,30,typically_developing,intransitive,pronoun,NA,fake_verb,video_person,video,person,direct_caused_action,one_action,immediate_after,no,yes,mass,1,2,5,2,He's gorping!,Find gorping.,2,NA,8,0.55,0.5,NA,0.21,0.21,NA,NA,NA,0.238095238,0.128543084,group_means_one,unique_condition,look,pronoun,1,pronoun,direct_caused_action,intransitive,direct_caused_action_one_action,no,text,action_matching,2012
no,anjie,yuan2012,1_rep,https://srcd.onlinelibrary.wiley.com/doi/full/10.1111/j.1467-8624.2012.01783.x?casa_token=L0uY-e1_C9sAAAAA%3AzP8_NodiA0Z5TaR4sfXCXxhhXOkp63eKDs0p2ofpNhOEj52lWyR9-FNbNd7e1CVBm1rlv3ZG0Y8,verb,include,"Yuan, S., Fisher, C., & Snedeker, J. (2012)",results_text,"Yuan, Fisher, & Snedeker (2012) - 1c",transitive_sentence_simple_event,looking_duration,action,NA,46,English,648.372,NA,54.5,typically_developing,transitive,pronoun,pronoun,fake_verb,video_person,video,person,indirect_caused_action,one_action,immediate_after,no,yes,mass,1,2,5,2,He's gorping him!,Find gorping.,2,NA,8,0.7,0.5,NA,0.16,0.16,NA,NA,NA,1.25,0.22265625,group_means_one,unique_condition,look,pronoun,1,pronoun,indirect_caused_action,pronoun,indirect_caused_action_one_action,no,text,action_matching,2012
no,anjie,yuan2012,1_rep,https://srcd.onlinelibrary.wiley.com/doi/full/10.1111/j.1467-8624.2012.01783.x?casa_token=L0uY-e1_C9sAAAAA%3AzP8_NodiA0Z5TaR4sfXCXxhhXOkp63eKDs0p2ofpNhOEj52lWyR9-FNbNd7e1CVBm1rlv3ZG0Y8,verb,include,"Yuan, S., Fisher, C., & Snedeker, J. (2012)",results_text,"Yuan, Fisher, & Snedeker (2012) - 1d",intransitive_sentence_bystander_event,looking_duration,action,NA,47,English,648.372,NA,54.5,typically_developing,intransitive,pronoun,NA,fake_verb,video_person,video,person,indirect_caused_action,one_action,immediate_after,no,yes,mass,1,2,5,2,He's gorping!,Find gorping.,2,NA,8,0.51,0.5,NA,0.13,0.13,NA,NA,NA,0.076923077,0.125369822,group_means_one,unique_condition,look,pronoun,1,pronoun,indirect_caused_action,intransitive,indirect_caused_action_one_action,no,text,action_matching,2012
no,anjie,yuan2012,2,https://srcd.onlinelibrary.wiley.com/doi/full/10.1111/j.1467-8624.2012.01783.x?casa_token=L0uY-e1_C9sAAAAA%3AzP8_NodiA0Z5TaR4sfXCXxhhXOkp63eKDs0p2ofpNhOEj52lWyR9-FNbNd7e1CVBm1rlv3ZG0Y8,verb,include,"Yuan, S., Fisher, C., & Snedeker, J. (2012)",results_text,"Yuan, Fisher, & Snedeker (2012) - 2a",transitive_sentence_bystander_event,looking_duration,action,NA,48,English,630.108,NA,26.5,typically_developing,transitive,pronoun,pronoun,fake_verb,video_person,video,person,indirect_caused_action,parallel_actions,immediate_after,no,yes,mass,1,2,7,2,He's gorping him!,Find gorping.,2,NA,8,0.66,0.5,NA,0.18,0.18,NA,NA,NA,0.888888889,0.174382716,group_means_one,unique_condition,look,pronoun,1,pronoun,indirect_caused_action,pronoun,indirect_caused_action_parallel_actions,no,text,action_matching,2012
no,anjie,yuan2012,2,https://srcd.onlinelibrary.wiley.com/doi/full/10.1111/j.1467-8624.2012.01783.x?casa_token=L0uY-e1_C9sAAAAA%3AzP8_NodiA0Z5TaR4sfXCXxhhXOkp63eKDs0p2ofpNhOEj52lWyR9-FNbNd7e1CVBm1rlv3ZG0Y8,verb,include,"Yuan, S., Fisher, C., & Snedeker, J. (2012)",results_text,"Yuan, Fisher, & Snedeker (2012) - 2b",intransitive_sentence_bystander_event,looking_duration,action,NA,49,English,630.108,NA,26.5,typically_developing,intransitive,pronoun,NA,fake_verb,video_person,video,person,indirect_caused_action,parallel_actions,immediate_after,no,yes,mass,1,2,7,2,He's gorping!,Find gorping.,2,NA,8,0.53,0.5,NA,0.17,0.17,NA,NA,NA,0.176470588,0.126946367,group_means_one,unique_condition,look,pronoun,1,pronoun,indirect_caused_action,intransitive,indirect_caused_action_parallel_actions,no,text,action_matching,2012
no,anjie,yuan2012,3,https://srcd.onlinelibrary.wiley.com/doi/full/10.1111/j.1467-8624.2012.01783.x?casa_token=L0uY-e1_C9sAAAAA%3AzP8_NodiA0Z5TaR4sfXCXxhhXOkp63eKDs0p2ofpNhOEj52lWyR9-FNbNd7e1CVBm1rlv3ZG0Y8,verb,include,"Yuan, S., Fisher, C., & Snedeker, J. (2012)",results_text,"Yuan, Fisher, & Snedeker (2012) - 3a",transitive_simple_events,looking_duration,action,NA,50,English,572.272,NA,16,typically_developing,transitive,noun_and_pronoun,noun,fake_verb,video_person,video,person,direct_caused_action,one_action,asynchronous,no,no,mass,1,2,14,2,He's gorping him!,Find gorping.,2,NA,12,0.67,0.5,NA,0.06,0.06,NA,NA,NA,2.833333333,0.417824074,group_means_one,unique_condition,look,varying_agent,varying,pronoun,direct_caused_action,noun,direct_caused_action_one_action,no,text,action_matching,2012
no,anjie,yuan2012,3,https://srcd.onlinelibrary.wiley.com/doi/full/10.1111/j.1467-8624.2012.01783.x?casa_token=L0uY-e1_C9sAAAAA%3AzP8_NodiA0Z5TaR4sfXCXxhhXOkp63eKDs0p2ofpNhOEj52lWyR9-FNbNd7e1CVBm1rlv3ZG0Y8,verb,include,"Yuan, S., Fisher, C., & Snedeker, J. (2012)",results_text,"Yuan, Fisher, & Snedeker (2012) - 3b",intransitive_simple_events,looking_duration,action,NA,51,English,572.272,NA,16,typically_developing,intransitive,noun_and_pronoun,NA,fake_verb,video_person,video,person,direct_caused_action,one_action,asynchronous,no,no,mass,1,2,14,2,He's gorping!,Find gorping.,2,NA,12,0.47,0.5,NA,0.2,0.2,NA,NA,NA,-0.15,0.084270833,group_means_one,unique_condition,look,varying_agent,varying,pronoun,direct_caused_action,intransitive,direct_caused_action_one_action,no,text,action_matching,2012
no,anjie,yuan2012,3,https://srcd.onlinelibrary.wiley.com/doi/full/10.1111/j.1467-8624.2012.01783.x?casa_token=L0uY-e1_C9sAAAAA%3AzP8_NodiA0Z5TaR4sfXCXxhhXOkp63eKDs0p2ofpNhOEj52lWyR9-FNbNd7e1CVBm1rlv3ZG0Y8,verb,include,"Yuan, S., Fisher, C., & Snedeker, J. (2012)",results_text,"Yuan, Fisher, & Snedeker (2012) - 3c",transitive_sentence_bystander_event,looking_duration,action,NA,52,English,572.272,NA,16,typically_developing,transitive,noun_and_pronoun,noun,fake_verb,video_person,video,person,indirect_caused_action,parallel_actions,asynchronous,no,no,mass,1,3,18,3,He's gorping him!,Find gorping.,2,NA,12,0.57,0.5,NA,0.17,0.17,NA,NA,NA,0.411764706,0.090397924,group_means_one,unique_condition,look,varying_agent,varying,pronoun,indirect_caused_action,noun,indirect_caused_action_parallel_actions,no,text,action_matching,2012
no,anjie,yuan2012,3,https://srcd.onlinelibrary.wiley.com/doi/full/10.1111/j.1467-8624.2012.01783.x?casa_token=L0uY-e1_C9sAAAAA%3AzP8_NodiA0Z5TaR4sfXCXxhhXOkp63eKDs0p2ofpNhOEj52lWyR9-FNbNd7e1CVBm1rlv3ZG0Y8,verb,include,"Yuan, S., Fisher, C., & Snedeker, J. (2012)",results_text,"Yuan, Fisher, & Snedeker (2012) - 3d",intransitive_sentence_bystander_event,looking_duration,action,NA,53,English,572.272,NA,16,typically_developing,intransitive,noun_and_pronoun,NA,fake_verb,video_person,video,person,indirect_caused_action,parallel_actions,asynchronous,no,no,mass,1,3,18,3,He's gorping!,Find gorping.,2,NA,12,0.64,0.5,NA,0.09,0.09,NA,NA,NA,1.555555556,0.184156379,group_means_one,unique_condition,look,varying_agent,varying,pronoun,indirect_caused_action,intransitive,indirect_caused_action_parallel_actions,no,text,action_matching,2012