coder,unique_id,long_cite,link,grammatical_class,paper_eligibility,description,short_cite,data_source,expt_num,plot_label,expt_condition,dependent_measure,test_type,n_1,x_1,x_2_raw,x_2,SD_1,SD_2_raw,SD_2,t,d,same_infant,language,mean_age,productive_vocab_mean,productive_vocab_median,population_type,sentence_structure,agent_argument_type,patient_argument_type,verb_type,stimuli_contrast,stimuli_type,stimuli_modality,stimuli_actor,presentation_type,character_identification,practice_phase,test_mass_or_distributed,n_train_test_pair,N_test_trial_per_pair,n_repetitions_sentence,n_repetitions_video,example_target_sentence,test_question,inclusion_certainty,note
anjie,arunachalam2011,"Arunachalam, S., & Waxman, S. R. (2011). Grammatical form and semantic context in verb learning. Language Learning and Development, 7(3), 169-184.",https://www.tandfonline.com/doi/pdf/10.1080/15475441.2011.573760?casa_token=M1YrvfIztBIAAAAA:-DH3XoMDhVLGR7dSrv99B74xZf9NkP9ZKZTIn2vzaZ5loOEXdgftqdyw9H2KspE_NqqD_YDUm31D,verb,include,scenes are familiar object vs familiar action,"Arunachalam, S., & Waxman, S. R. (2011)",figure_1,1,Arunachalam & Waxman (2011) - 1a,verb_rich,pointing_action,action,20,0.6042555326943343,NA,0.5,0.20938941366059152,NA,0.04682089627139057,NA,NA,no,English,730.56,377,NA,typical_developing,transitive,noun,noun,fake_verb,object_change,video_person,video,person,asynchronous,yes,yes,distributed,6,1,15,7,The man is pilking a ballon!,Where is he pilking something,2,NA
anjie,arunachalam2011,"Arunachalam, S., & Waxman, S. R. (2011). Grammatical form and semantic context in verb learning. Language Learning and Development, 7(3), 169-184.",https://www.tandfonline.com/doi/pdf/10.1080/15475441.2011.573760?casa_token=M1YrvfIztBIAAAAA:-DH3XoMDhVLGR7dSrv99B74xZf9NkP9ZKZTIn2vzaZ5loOEXdgftqdyw9H2KspE_NqqD_YDUm31D,verb,include,scenes are familiar object vs familiar action,"Arunachalam, S., & Waxman, S. R. (2011)",figure_1,1,Arunachalam & Waxman (2011) - 1b,verb_sparse,pointing_action,action,20,0.5089576955888995,NA,0.5,0.3137474815621726,NA,0.07015606965423797,NA,NA,no,English,730.56,392,NA,typical_developing,transitive,pronoun_and_noun,pronoun_and_noun,fake_verb,object_change,video_person,video,person,asynchronous,yes,yes,distributed,6,1,15,7,He's pilking it!,Where is he pilking something,2,NA
anjie,arunachalam2015,"Arunachalam, S., & Waxman, S. R. (2015). Let’s see a boy and a balloon: Argument labels and syntactic frame in verb learning. Language Acquisition, 22(2), 117-131.",https://www.tandfonline.com/doi/pdf/10.1080/10489223.2014.928300?casa_token=g6jnv_0FBcIAAAAA:om4FI6acWEjy0p43gtPWYvmAczCoy6ScTsdtJov-oiX7yP62GeMzKLGWqlWw6dYVtcTKFqm9d1Qf,verb,include,scenes are familiar object vs familiar action,"Arunachalam, S., & Waxman, S. R. (2015)",results_text,1,Arunachalam & Waxman (2015) - 1a,rich_syntax,pointing_action,action,18,0.65,NA,0.5,0.26,NA,0.06290601992204417,NA,NA,no,English,821.88,507,NA,typical_developing,transitive,noun,noun,fake_verb,object_change,video_person,video,person,asynchronous,yes,yes,distributed,6,1,1,4,A boy is gonna pilk a ballon! Let's see!,Where's pilking?,2,NA
anjie,arunachalam2015,"Arunachalam, S., & Waxman, S. R. (2015). Let’s see a boy and a balloon: Argument labels and syntactic frame in verb learning. Language Acquisition, 22(2), 117-131.",https://www.tandfonline.com/doi/pdf/10.1080/10489223.2014.928300?casa_token=g6jnv_0FBcIAAAAA:om4FI6acWEjy0p43gtPWYvmAczCoy6ScTsdtJov-oiX7yP62GeMzKLGWqlWw6dYVtcTKFqm9d1Qf,verb,include,scenes are familiar object vs familiar action,"Arunachalam, S., & Waxman, S. R. (2015)",results_text,2,Arunachalam & Waxman (2015) - 2a,sparse_semantics,pointing_action,action,18,0.43,NA,0.5,0.26,NA,0.26,NA,NA,no,English,821.88,495,NA,typical_developing,transitive,pronoun,pronoun,fake_verb,object_change,video_person,video,person,asynchronous,yes,yes,distributed,6,1,1,4,Let's see what happens now. He's gonna pilk it!,Where's pilking?,2,NA
anjie,arunachalam2015,"Arunachalam, S., & Waxman, S. R. (2015). Let’s see a boy and a balloon: Argument labels and syntactic frame in verb learning. Language Acquisition, 22(2), 117-131.",https://www.tandfonline.com/doi/pdf/10.1080/10489223.2014.928300?casa_token=g6jnv_0FBcIAAAAA:om4FI6acWEjy0p43gtPWYvmAczCoy6ScTsdtJov-oiX7yP62GeMzKLGWqlWw6dYVtcTKFqm9d1Qf,verb,include,scenes are familiar object vs familiar action,"Arunachalam, S., & Waxman, S. R. (2015)",results_text,2,Arunachalam & Waxman (2015) - 2b,rich_semantics,pointing_action,action,18,0.5,NA,0.5,0.28,NA,0.28,NA,NA,no,English,821.88,502,NA,typical_developing,transitive,pronoun,pronoun,fake_verb,object_change,video_person,video,person,asynchronous,yes,yes,distributed,6,1,1,4,Let's see a boy and a ballon. He's gonna pilk it!,Where's pilking?,2,NA
anjie,imai2008,"Imai, M., Li, L., Haryu, E., Okada, H., Hirsh‐Pasek, K., Golinkoff, R. M., & Shigematsu, J. (2008). Novel noun and verb learning in Chinese‐, English‐, and Japanese‐speaking children. Child development, 79(4), 979-1000.",https://srcd.onlinelibrary.wiley.com/doi/full/10.1111/j.1467-8624.2008.01171.x?casa_token=o2E4FFLF4HIAAAAA%3A5H3uyVEjiO8tV6v1LqpJB3hup4UkBlZWhYo5qXQRTRHP0OpD6_MnyBN8vxb790WS9prLRcm9gv1PgQ,verb and noun,include,compare action-same vs object-same,"Imai, M., Li, L., Haryu, E., Okada, H., Hirsh‐Pasek, K., Golinkoff, R. M., & Shigematsu, J. (2008).",table_3,2,Imai et al. (2008) - 2a,verb_with_argument_3YO_En,point_scene,action,18,0.42,NA,0.5,0.35,NA,0.35,1.18,NA,no,English,1278.48,NA,NA,typically_developing,transitive,pronoun,pronoun,fake_verb,object_change,video_person,video,person,simultaneous,no,yes,distributed,6,1,3,2,Look! She is X-ing it!,Where is she X-ing it?,2,NA
anjie,imai2008,"Imai, M., Li, L., Haryu, E., Okada, H., Hirsh‐Pasek, K., Golinkoff, R. M., & Shigematsu, J. (2008). Novel noun and verb learning in Chinese‐, English‐, and Japanese‐speaking children. Child development, 79(4), 979-1000.",https://srcd.onlinelibrary.wiley.com/doi/full/10.1111/j.1467-8624.2008.01171.x?casa_token=o2E4FFLF4HIAAAAA%3A5H3uyVEjiO8tV6v1LqpJB3hup4UkBlZWhYo5qXQRTRHP0OpD6_MnyBN8vxb790WS9prLRcm9gv1PgQ,verb and noun,include,compare action-same vs object-same,"Imai, M., Li, L., Haryu, E., Okada, H., Hirsh‐Pasek, K., Golinkoff, R. M., & Shigematsu, J. (2008).",table_3,2,Imai et al. (2008) - 2b,verb_with_argument_5YO_En,point_scene,action,21,0.7,NA,0.5,0.33,NA,0.33,2.8,NA,no,English,1899.456,NA,NA,typically_developing,transitive,pronoun,pronoun,fake_verb,object_change,video_person,video,person,simultaneous,no,yes,distributed,6,1,3,2,Look! She is X-ing it!,Where is she X-ing it?,2,NA
anjie,imai2008,"Imai, M., Li, L., Haryu, E., Okada, H., Hirsh‐Pasek, K., Golinkoff, R. M., & Shigematsu, J. (2008). Novel noun and verb learning in Chinese‐, English‐, and Japanese‐speaking children. Child development, 79(4), 979-1000.",https://srcd.onlinelibrary.wiley.com/doi/full/10.1111/j.1467-8624.2008.01171.x?casa_token=o2E4FFLF4HIAAAAA%3A5H3uyVEjiO8tV6v1LqpJB3hup4UkBlZWhYo5qXQRTRHP0OpD6_MnyBN8vxb790WS9prLRcm9gv1PgQ,verb and noun,include,compare action-same vs object-same,"Imai, M., Li, L., Haryu, E., Okada, H., Hirsh‐Pasek, K., Golinkoff, R. M., & Shigematsu, J. (2008).",table_3,6,Imai et al. (2008) - 6a,verb_with_argument_highlight_action_En,point_scene,action,16,0.53,NA,0.5,0.27,NA,0.27,NA,NA,no,English,1315.008,NA,NA,typically_developing,transitive,pronoun,pronoun,fake_verb,object_change,video_person,video,person,simultaneous,no,yes,distributed,6,1,3,2,Look! She is X-ing it!,Where is she X-ing it?,2,NA
izzy/anjie,lidz2009,"Lidz, J., Bunger, A., Leddon, E., Baier, R., & Waxman, S. R. (2009). When one cue is better than two: Lexical vs. syntactic cues to verb learning. Unpublished manuscript.< http://ling. umd. edu/labs/acquisition/papers/2009/LidzBungerLeddonBaierWaxman2009. pdf.",https://www.researchgate.net/profile/Jeffrey_Lidz/publication/228542830_When_one_cue_is_better_than_two_Lexical_vs_Syntactic_Cues_to_Verb_Learning/links/02bfe512def60ae77c000000.pdf,verb,include,flower spining and flower moving up and down,"Lidz, J., Bunger, A., Leddon, E., Baier, R., & Waxman, S. R. (2009)",table_3,1,"Lidz, Bunger, Leddon, Baier, & Waxman (2009) - 1a",low_lexical,looking_duration,action,16,0.51,0.3,0.5,0.248,0.035,0.062,NA,NA,no,English,697.076,190,NA,typically_developing,intransitive,noun_and_pronoun,"NA",fake_verb,no_change,video_person,video,non_person,asynchronous,"NA","NA",distributed,4,1,9,5,Look! The flower is blicking.,Which one is blicking?,1,contrast event
izzy/anjie,lidz2009,"Lidz, J., Bunger, A., Leddon, E., Baier, R., & Waxman, S. R. (2009). When one cue is better than two: Lexical vs. syntactic cues to verb learning. Unpublished manuscript.< http://ling. umd. edu/labs/acquisition/papers/2009/LidzBungerLeddonBaierWaxman2009. pdf.",https://www.researchgate.net/profile/Jeffrey_Lidz/publication/228542830_When_one_cue_is_better_than_two_Lexical_vs_Syntactic_Cues_to_Verb_Learning/links/02bfe512def60ae77c000000.pdf,verb,include,flower spining and flower moving up and down,"Lidz, J., Bunger, A., Leddon, E., Baier, R., & Waxman, S. R. (2009)",table_3,1,"Lidz, Bunger, Leddon, Baier, & Waxman (2009) - 1b",high_lexical,looking_duration,action,16,0.35,0.37,0.5,0.188,0.039,0.047,NA,NA,no,English,697.076,190,NA,typically_developing,intransitive,noun,"NA",fake_verb,no_change,video_person,video,non_person,asynchronous,"NA","NA",distributed,4,1,9,5,Look! That thing is blicking!,Which one is blicking?,1,contrast event
izzy/anjie,lidz2009,"Lidz, J., Bunger, A., Leddon, E., Baier, R., & Waxman, S. R. (2009). When one cue is better than two: Lexical vs. syntactic cues to verb learning. Unpublished manuscript.< http://ling. umd. edu/labs/acquisition/papers/2009/LidzBungerLeddonBaierWaxman2009. pdf.",https://www.researchgate.net/profile/Jeffrey_Lidz/publication/228542830_When_one_cue_is_better_than_two_Lexical_vs_Syntactic_Cues_to_Verb_Learning/links/02bfe512def60ae77c000000.pdf,verb,include,flower spining and flower moving up and down,"Lidz, J., Bunger, A., Leddon, E., Baier, R., & Waxman, S. R. (2009)",table_4,2,"Lidz, Bunger, Leddon, Baier, & Waxman (2009) - 2a",familiarization_low_lexical,looking_duration,action,16,0.49,0.36,0.5,0.244,0.039,0.061,NA,NA,no,English,697.076,192,NA,typically_developing,intransitive,noun_and_pronoun,"NA",fake_verb,no_change,video_person,video,non_person,asynchronous,yes,"NA",distributed,4,1,9,5,Look! The flower is blicking.,Which one is blicking?,1,contrast event
izzy/anjie,lidz2009,"Lidz, J., Bunger, A., Leddon, E., Baier, R., & Waxman, S. R. (2009). When one cue is better than two: Lexical vs. syntactic cues to verb learning. Unpublished manuscript.< http://ling. umd. edu/labs/acquisition/papers/2009/LidzBungerLeddonBaierWaxman2009. pdf.",https://www.researchgate.net/profile/Jeffrey_Lidz/publication/228542830_When_one_cue_is_better_than_two_Lexical_vs_Syntactic_Cues_to_Verb_Learning/links/02bfe512def60ae77c000000.pdf,verb,include,flower spining and flower moving up and down,"Lidz, J., Bunger, A., Leddon, E., Baier, R., & Waxman, S. R. (2009)",table_4,2,"Lidz, Bunger, Leddon, Baier, & Waxman (2009) - 2b",familiarization_high_lexical,looking_duration,action,16,0.6,0.39,0.5,0.184,0.044,0.046,NA,NA,no,English,697.076,192,NA,typically_developing,intransitive,noun,"NA",fake_verb,no_change,video_person,video,non_person,asynchronous,yes,"NA",distributed,4,1,9,5,Look! That thing is blicking!,Which one is blicking?,1,contrast event
anjie,valleau2017,"Valleau, M. J., & Arunachalam, S. (2017). The effects of linguistic context on visual attention while learning novel verbs. In Proceedings of the 41st Annual Boston University Conference on Language Development (pp. 691-705).",https://www.semanticscholar.org/paper/The-effects-of-linguistic-context-on-visual-while-Valleau-Arunachalam/93d1194fa3e60c9a4b69d29d42340412ba845005,verb,include,new object vs new action,"Valleau, M. J., & Arunachalam, S. (2017).",author_contact,1,Valleau & Arunachalam (2017) - 1a,Full_DP,pointing_scene,action,20,0.55,NA,0.5,0.33,NA,NA,NA,NA,no,English,1004.52,69,NA,typical_developing,transitive,noun,noun,fake_verb,object_change,video_person,video,person,immediate_after,yes,yes,distributed,6,1,1,4,A girl is gonna pilk an unbrella. Let's see,Where do you see pilking?,1,familiar action vs familiar object
anjie,valleau2017,"Valleau, M. J., & Arunachalam, S. (2017). The effects of linguistic context on visual attention while learning novel verbs. In Proceedings of the 41st Annual Boston University Conference on Language Development (pp. 691-705).",https://www.semanticscholar.org/paper/The-effects-of-linguistic-context-on-visual-while-Valleau-Arunachalam/93d1194fa3e60c9a4b69d29d42340412ba845005,verb,include,new object vs new action,"Valleau, M. J., & Arunachalam, S. (2017).",author_contact,1,Valleau & Arunachalam (2017) - 1b,pronoun,pointing_scene,action,20,0.5,NA,0.5,0.31,NA,NA,NA,NA,no,English,1004.52,68,NA,typical_developing,transitive,pronoun,pronoun,fake_verb,object_change,video_person,video,person,immediate_after,yes,yes,distributed,6,1,1,4,Let's see what happens here. She's gonna pilk it.,Where do you see pilking?,1,familiar action vs familiar object
anjie,waxman2009,"Waxman, S.R., J. Lidz, I. Braun and T. Lavin. (2009) “24-Month-Old Infants' Interpretations of Novel Verbs and Nouns in Dynamic Scenes.” Cognitive Psychology, 59:67-95.",https://www.ncbi.nlm.nih.gov/pmc/articles/PMC3482006/pdf/nihms411836.pdf,verb,include,new object vs new action,"Waxman, S.R., J. Lidz, I. Braun and T. Lavin. (2009)",figure_2,1,"Waxman, Lidz,  Braun & Lavin (2009) - 1a",verb,looking_duration,action,24,0.49270466183414247,0.3678526301788921,0.5,0.08796465126706897,0.01983108332779145,0.018221574344023325,NA,NA,no,English,725.6896,57,NA,typical_developing,transitive,noun,noun,fake_verb,object_change,video_person,video,person,simultaneous,no,no,distributed,6,1,5,6,"Look, the man is larping a ballon!",Which one is he larping?,1,contrast phase
anjie,waxman2009,"Waxman, S.R., J. Lidz, I. Braun and T. Lavin. (2009) “24-Month-Old Infants' Interpretations of Novel Verbs and Nouns in Dynamic Scenes.” Cognitive Psychology, 59:67-95.",https://www.ncbi.nlm.nih.gov/pmc/articles/PMC3482006/pdf/nihms411836.pdf,verb,include,new object vs new action,"Waxman, S.R., J. Lidz, I. Braun and T. Lavin. (2009)",figure_4,2,"Waxman, Lidz,  Braun & Lavin (2009) - 2a",verb,looking_duration,action,24,0.4191719228127147,0.3795666021357647,0.5,0.07507709771797813,0.01903453444076688,0.02,NA,NA,no,English,732.9952,52,NA,typical_developing,transitive,noun,noun,fake_verb,object_change,video_person,video,person,simultaneous,no,no,distributed,6,1,5,6,"Look, the man is larping a ballon!",Which one is he larping?,1,"contrast phase, and the actions are compared against one with action the other with object"
anjie,syrett2014,"Syrett, K., Arunachalam, S., & Waxman, S. R. (2014). Slowly but surely: Adverbs support verb learning in 2-year-olds. Language Learning and Development, 10(3), 263-278.",https://www.tandfonline.com/doi/pdf/10.1080/15475441.2013.840493?casa_token=4RDHUS3NFYMAAAAA:w7rHeoBd5gJ71jdzK-Yab3-yg5adW8MKRb5MtKVn3MFHGrGR_DOTRt6PmCubJGImYJXfwnKmkR7x,verb,include,new object vs new action,"Syrett, K., Arunachalam, S., & Waxman, S. R. (2014)",figure_2,1a,"Syrett, Arunachalam, & Waxman (2014) - 1a",semantic_rich_slowly,pointing,action,20,0.65,NA,0.5,0.22360679774997896,NA,0.22360679774997896,NA,NA,no,English,831.012,73,NA,typical_developing,transitive,pronoun,pronoun,fake_verb,object_change,video_person,video,person,asynchronous,yes,yes,distributed,6,1,1,2,Let's see a boy and a ballon. He's gonna pilk it slowly!,Where's pilking?,1,"has adverb, different contrast phase"
anjie,syrett2014,"Syrett, K., Arunachalam, S., & Waxman, S. R. (2014). Slowly but surely: Adverbs support verb learning in 2-year-olds. Language Learning and Development, 10(3), 263-278.",https://www.tandfonline.com/doi/pdf/10.1080/15475441.2013.840493?casa_token=4RDHUS3NFYMAAAAA:w7rHeoBd5gJ71jdzK-Yab3-yg5adW8MKRb5MtKVn3MFHGrGR_DOTRt6PmCubJGImYJXfwnKmkR7x,verb,include,new object vs new action,"Syrett, K., Arunachalam, S., & Waxman, S. R. (2014)",figure_2,1a,"Syrett, Arunachalam, & Waxman (2014) - 1b",semantic_sparse_nicely,pointing,action,20,0.49,NA,0.5,0.22360679774997896,NA,0.22360679774997896,NA,NA,no,English,831.012,73,NA,typical_developing,transitive,pronoun,pronoun,fake_verb,object_change,video_person,video,person,asynchronous,yes,yes,distributed,6,1,1,2,Let's see a boy and a ballon. He's gonna pilk it nicely!,Where's pilking?,1,"has adverb, different contrast phase"
anjie,syrett2014,"Syrett, K., Arunachalam, S., & Waxman, S. R. (2014). Slowly but surely: Adverbs support verb learning in 2-year-olds. Language Learning and Development, 10(3), 263-278.",https://www.tandfonline.com/doi/pdf/10.1080/15475441.2013.840493?casa_token=4RDHUS3NFYMAAAAA:w7rHeoBd5gJ71jdzK-Yab3-yg5adW8MKRb5MtKVn3MFHGrGR_DOTRt6PmCubJGImYJXfwnKmkR7x,verb,include,new object vs new action,"Syrett, K., Arunachalam, S., & Waxman, S. R. (2014)",figure_3,1b,"Syrett, Arunachalam, & Waxman (2014) - 1c",semantic_sparse_rightnow,pointing,action,20,0.56,NA,0.5,0.25155764746872633,NA,0.25155764746872633,NA,NA,no,English,827.968,67,NA,typical_developing,transitive,pronoun,pronoun,fake_verb,object_change,video_person,video,person,asynchronous,yes,yes,distributed,6,1,1,2,Let's see a boy and a ballon. He's gonna pilk it right now!,Where's pilking?,1,"has adverb, different contrast phase"
anjie,childers2017,"Childers, J. B., Paik, J. H., Flores, M., Lai, G., & Dolan, M. (2017). Does variability across events affect verb learning in English, Mandarin, and Korean?. Cognitive science, 41, 808-830.",https://onlinelibrary.wiley.com/doi/pdf/10.1111/cogs.12398,verb,include,new actor same action vs new actor different action,"Childers, J. B., Paik, J. H., Flores, M., Lai, G., & Dolan, M. (2017).",figure_appendix_b,1a,"Childers, Paik, Flores, Lai, & Dolan (2017) - 1a",same_simple,pointing,action,12,0.7,NA,0.5,0.19696969696969696,NA,0.19696969696969696,NA,NA,childers20171ab,English,1004.52,NA,NA,typical_developing,intransitive,pronoun,"NA",fake_verb,actor_change,video_person,video,person,simultaneous,no,yes,distributed,2,1,8,4,Do you see her (verb) ing?,Can you point to the one who's (verb)-ing?,1,is that the good syntactic cues?
anjie,childers2017,"Childers, J. B., Paik, J. H., Flores, M., Lai, G., & Dolan, M. (2017). Does variability across events affect verb learning in English, Mandarin, and Korean?. Cognitive science, 41, 808-830.",https://onlinelibrary.wiley.com/doi/pdf/10.1111/cogs.12398,verb,include,new actor same action same object vs new actor new action same object,"Childers, J. B., Paik, J. H., Flores, M., Lai, G., & Dolan, M. (2017).",figure_appendix_b,1b,"Childers, Paik, Flores, Lai, & Dolan (2017) - 1b",same_complex,pointing,action,12,0.75,NA,0.5,0.16666666666666666,NA,0.16666666666666666,NA,NA,childers20171ab,English,1004.52,NA,NA,typical_developing,intransitive,pronoun,"NA",fake_verb,actor_change,video_person,video,person,simultaneous,no,yes,distributed,2,1,8,4,Do you see her (verb) ing?,Can you point to the one who's (verb)-ing?,1,is that the good syntactic cues?
anjie,childers2017,"Childers, J. B., Paik, J. H., Flores, M., Lai, G., & Dolan, M. (2017). Does variability across events affect verb learning in English, Mandarin, and Korean?. Cognitive science, 41, 808-830.",https://onlinelibrary.wiley.com/doi/pdf/10.1111/cogs.12398,verb,include,new actor same action same object vs new actor new action same object (three actors in training),"Childers, J. B., Paik, J. H., Flores, M., Lai, G., & Dolan, M. (2017).",figure_appendix_b,1c,"Childers, Paik, Flores, Lai, & Dolan (2017) - 1c",diff_simple,pointing,action,12,0.85,NA,0.5,0.1818181818181818,NA,0.1818181818181818,NA,NA,childers20171cd,English,1004.52,NA,NA,typical_developing,intransitive,pronoun,"NA",fake_verb,actor_change,video_person,video,person,simultaneous,no,yes,distributed,2,1,8,4,Do you see her (verb) ing?,Can you point to the one who's (verb)-ing?,1,is that the good syntactic cues?
anjie,childers2017,"Childers, J. B., Paik, J. H., Flores, M., Lai, G., & Dolan, M. (2017). Does variability across events affect verb learning in English, Mandarin, and Korean?. Cognitive science, 41, 808-830.",https://onlinelibrary.wiley.com/doi/pdf/10.1111/cogs.12398,verb,include,new actor same action same object vs new actor new action same object(three actors in training),"Childers, J. B., Paik, J. H., Flores, M., Lai, G., & Dolan, M. (2017).",figure_appendix_b,1d,"Childers, Paik, Flores, Lai, & Dolan (2017) - 1d",diff_complex,pointing,action,12,0.6,NA,0.5,0.16666666666666666,NA,0.16666666666666666,NA,NA,childers20171cd,English,1004.52,NA,NA,typical_developing,intransitive,pronoun,"NA",fake_verb,actor_change,video_person,video,person,simultaneous,no,yes,distributed,2,1,8,4,Do you see her (verb) ing?,Can you point to the one who's (verb)-ing?,1,is that the good syntactic cues?
anjie,childers2017,"Childers, J. B., Paik, J. H., Flores, M., Lai, G., & Dolan, M. (2017). Does variability across events affect verb learning in English, Mandarin, and Korean?. Cognitive science, 41, 808-830.",https://onlinelibrary.wiley.com/doi/pdf/10.1111/cogs.12398,verb,include,new actor same action vs new actor different action,"Childers, J. B., Paik, J. H., Flores, M., Lai, G., & Dolan, M. (2017).",results_text,2a,"Childers, Paik, Flores, Lai, & Dolan (2017) - 2a",same_simple,pointing,action,10,0.75,NA,0.5,0.22135943621178658,NA,0.22135943621178658,NA,NA,childers20172ab,English,1156.72,NA,NA,typical_developing,intransitive,pronoun,"NA",fake_verb,actor_change,video_person,video,person,simultaneous,no,yes,distributed,2,1,8,4,Do you see her (verb) ing?,Can you point to the one who's (verb)-ing?,1,is that the good syntactic cues?
anjie,childers2017,"Childers, J. B., Paik, J. H., Flores, M., Lai, G., & Dolan, M. (2017). Does variability across events affect verb learning in English, Mandarin, and Korean?. Cognitive science, 41, 808-830.",https://onlinelibrary.wiley.com/doi/pdf/10.1111/cogs.12398,verb,include,new actor same action same object vs new actor new action same object,"Childers, J. B., Paik, J. H., Flores, M., Lai, G., & Dolan, M. (2017).",results_text,2b,"Childers, Paik, Flores, Lai, & Dolan (2017) - 2b",same_complex,pointing,action,10,0.7,NA,0.5,0.22135943621178658,NA,0.22135943621178658,NA,NA,childers20172ab,English,1156.72,NA,NA,typical_developing,intransitive,pronoun,"NA",fake_verb,actor_change,video_person,video,person,simultaneous,no,yes,distributed,2,1,8,4,Do you see her (verb) ing?,Can you point to the one who's (verb)-ing?,1,is that the good syntactic cues?
anjie,childers2017,"Childers, J. B., Paik, J. H., Flores, M., Lai, G., & Dolan, M. (2017). Does variability across events affect verb learning in English, Mandarin, and Korean?. Cognitive science, 41, 808-830.",https://onlinelibrary.wiley.com/doi/pdf/10.1111/cogs.12398,verb,include,new actor same action same object vs new actor new action same object (three actors in training),"Childers, J. B., Paik, J. H., Flores, M., Lai, G., & Dolan, M. (2017).",results_text,2c,"Childers, Paik, Flores, Lai, & Dolan (2017) - 2c",diff_simple,pointing,action,10,0.885,NA,0.5,0.1739252713092609,NA,0.1739252713092609,NA,NA,childers20172cd,English,1156.72,NA,NA,typical_developing,intransitive,pronoun,"NA",fake_verb,actor_change,video_person,video,person,simultaneous,no,yes,distributed,2,1,8,4,Do you see her (verb) ing?,Can you point to the one who's (verb)-ing?,1,is that the good syntactic cues?
anjie,childers2017,"Childers, J. B., Paik, J. H., Flores, M., Lai, G., & Dolan, M. (2017). Does variability across events affect verb learning in English, Mandarin, and Korean?. Cognitive science, 41, 808-830.",https://onlinelibrary.wiley.com/doi/pdf/10.1111/cogs.12398,verb,include,new actor same action same object vs new actor new action same object(three actors in training),"Childers, J. B., Paik, J. H., Flores, M., Lai, G., & Dolan, M. (2017).",results_text,2d,"Childers, Paik, Flores, Lai, & Dolan (2017) - 2d",diff_complex,pointing,action,10,0.635,NA,0.5,0.22135943621178658,NA,0.22135943621178658,NA,NA,childers20172cd,English,1156.72,NA,NA,typical_developing,intransitive,pronoun,"NA",fake_verb,actor_change,video_person,video,person,simultaneous,no,yes,distributed,2,1,8,4,Do you see her (verb) ing?,Can you point to the one who's (verb)-ing?,1,is that the good syntactic cues?
anjie,snape2018,"Snape, S., & Krott, A. (2018). The benefit of simultaneously encountered exemplars and of exemplar variability to verb learning. Journal of child language, 45(6), 1412-1422.",https://core.ac.uk/download/pdf/185507178.pdf,verb,include,same actor diff action vs same actor diff object,"Snape, S., & Krott, A. (2018)",figure_2,1,Snape & Krott (2018) - 1a,single_action_scene,pointing,action,20,0.5221674876847291,NA,0.5,0.24233249017239103,NA,0.24233249017239103,0.3,NA,no,English,1275.436,NA,NA,typical_developing,intransitive,pronoun,"NA",fake_verb,actor_change,video_person,video,person,simultaneous,no,yes,distributed,6,1,4,2,look she is blicking,Which video is she blicking in?,2,NA
anjie,snape2018,"Snape, S., & Krott, A. (2018). The benefit of simultaneously encountered exemplars and of exemplar variability to verb learning. Journal of child language, 45(6), 1412-1422.",https://core.ac.uk/download/pdf/185507178.pdf,verb,include,same actor diff action vs same actor diff object,"Snape, S., & Krott, A. (2018)",figure_2,1,Snape & Krott (2018) - 1b,different_action,pointing,action,20,0.7438423645320198,NA,0.5,0.2203022637930828,NA,0.2203022637930828,NA,NA,no,NA,1275.436,NA,NA,NA,NA,NA,NA,fake_verb,actor_change,NA,NA,NA,NA,NA,NA,NA,NA,NA,NA,NA,NA,NA,NA,NA
anjie,snape2018,"Snape, S., & Krott, A. (2018). The benefit of simultaneously encountered exemplars and of exemplar variability to verb learning. Journal of child language, 45(6), 1412-1422.",https://core.ac.uk/download/pdf/185507178.pdf,verb,include,same actor diff action vs same actor diff object,"Snape, S., & Krott, A. (2018)",figure_2,1,Snape & Krott (2018) - 1c,same_action,pointing,action,20,0.58128078817734,NA,0.5,0.24233249017239103,NA,0.24233249017239103,NA,NA,no,NA,1275.436,NA,NA,NA,NA,NA,NA,fake_verb,actor_change,NA,NA,NA,NA,NA,NA,NA,NA,NA,NA,NA,NA,NA,NA,NA
anjie,childers2020,"Childers, J. B., Porter, B., Dolan, M., Whitehead, C. B., & McIntyre, K. P. (2020). Does children’s visual attention to specific objects affect their verb learning?. First Language, 40(1), 21-40.",https://journals.sagepub.com/doi/pdf/10.1177/0142723719875575?casa_token=skOefjuaywcAAAAA:PQygemETLed8uxtOSTcLwcdmSpizDDk3KiDn7t8IIUwijBsEP7DnzmzsV33sKgveGMzlOuuCB3id,verb,include,action with new object vs new objects vs different action,"Childers, J. B., Porter, B., Dolan, M., Whitehead, C. B., & McIntyre, K. P. (2020).",figure_3,1,"Childers, Porter, Dolan, Whitehead, & McIntyre (2020) - 1a",2.5_year_old_control,pointing,action,12,0.6,NA,0.5,0.20784609690826525,NA,0.20784609690826525,NA,NA,no,English,1004.52,NA,NA,typical_developing,transitive,pronoun,pronoun,fake_verb,object_change,video_person,video,person,simultaneous,no,yes,distributed,4,2,4,5,Look! She's going to lorse it!,Where is she lorsing it?,2,NA
anjie,childers2020,"Childers, J. B., Porter, B., Dolan, M., Whitehead, C. B., & McIntyre, K. P. (2020). Does children’s visual attention to specific objects affect their verb learning?. First Language, 40(1), 21-40.",https://journals.sagepub.com/doi/pdf/10.1177/0142723719875575?casa_token=skOefjuaywcAAAAA:PQygemETLed8uxtOSTcLwcdmSpizDDk3KiDn7t8IIUwijBsEP7DnzmzsV33sKgveGMzlOuuCB3id,verb,include,action with new object vs new objects vs different action,"Childers, J. B., Porter, B., Dolan, M., Whitehead, C. B., & McIntyre, K. P. (2020).",figure_3,1,"Childers, Porter, Dolan, Whitehead, & McIntyre (2020) - 1b",3.5_year_old_control,pointing,action,12,0.7,NA,0.5,0.18706148721743873,NA,0.18706148721743873,NA,NA,no,English,1248.04,NA,NA,typical_developing,transitive,pronoun,pronoun,fake_verb,object_change,video_person,video,person,simultaneous,no,yes,distributed,4,2,4,5,Look! She's going to lorse it!,Where is she lorsing it?,2,NA
anjie,abbot-smith2017,"Abbot-Smith, K., Imai, M., Durrant, S., & Nurmsoo, E. (2017). The role of timing and prototypical causality on how preschoolers fast-map novel verb meanings. First Language, 37(2), 186-204.",https://journals.sagepub.com/doi/pdf/10.1177/0142723716679800?casa_token=11bTjR_1yEMAAAAA:d4UP_eHrtIO4aqgA4n8HgpoNDxG_txcBZ9_CeuU-xAcldJJFl2JgD7MsQ3b57cnT7ofgK7eQ99Za,verb,include,"same action vs same object (iterative, durative, non-resultative)","Abbot-Smith, K., Imai, M., Durrant, S., & Nurmsoo, E. (2017)",table_1,1,"Abbot-Smith, Imai, Durrant,& Nurmsoo (2017) - 1a",non-resultative,pointing,action,17,0.69,NA,0.5,0.33,NA,0.33,NA,NA,no,English,1940.8544,NA,NA,typical_developing,transitive,pronoun,pronoun,fake_verb,object_change,video_person,video,person,immediate_after,no,yes,distributed,6,1,8,8,She is mooping it!,where is she mooping it?,2,NA
anjie,abbot-smith2017,"Abbot-Smith, K., Imai, M., Durrant, S., & Nurmsoo, E. (2017). The role of timing and prototypical causality on how preschoolers fast-map novel verb meanings. First Language, 37(2), 186-204.",https://journals.sagepub.com/doi/pdf/10.1177/0142723716679800?casa_token=11bTjR_1yEMAAAAA:d4UP_eHrtIO4aqgA4n8HgpoNDxG_txcBZ9_CeuU-xAcldJJFl2JgD7MsQ3b57cnT7ofgK7eQ99Za,verb,include,same action vs same object (object change location),"Abbot-Smith, K., Imai, M., Durrant, S., & Nurmsoo, E. (2017)",table_1,1,"Abbot-Smith, Imai, Durrant,& Nurmsoo (2017) - 1b",resultative,pointing,action,17,0.36,NA,0.5,0.38,NA,0.38,NA,NA,no,English,1946.3336,NA,NA,typical_developing,transitive,pronoun,pronoun,fake_verb,object_change,video_person,video,person,immediate_after,no,yes,distributed,6,1,8,8,She is mooping it!,where is she mooping it?,2,NA
anjie,abbot-smith2017,"Abbot-Smith, K., Imai, M., Durrant, S., & Nurmsoo, E. (2017). The role of timing and prototypical causality on how preschoolers fast-map novel verb meanings. First Language, 37(2), 186-204.",https://journals.sagepub.com/doi/pdf/10.1177/0142723716679800?casa_token=11bTjR_1yEMAAAAA:d4UP_eHrtIO4aqgA4n8HgpoNDxG_txcBZ9_CeuU-xAcldJJFl2JgD7MsQ3b57cnT7ofgK7eQ99Za,verb,include,same action vs same object (object change location),"Abbot-Smith, K., Imai, M., Durrant, S., & Nurmsoo, E. (2017)",figure_2,2,"Abbot-Smith, Imai, Durrant,& Nurmsoo (2017) - 2a",non_resultative_5_ongoing,pointing,action,20,0.6923076923076923,NA,0.5,0.19657740461536613,NA,0.19657740461536613,NA,NA,no,English,1932.94,NA,NA,typical_developing,transitive,pronoun,pronoun,fake_verb,object_change,video_person,video,person,immediate_after,no,yes,distributed,6,1,8,8,She is mooping it!,where is she mooping it?,2,NA
anjie,abbot-smith2017,"Abbot-Smith, K., Imai, M., Durrant, S., & Nurmsoo, E. (2017). The role of timing and prototypical causality on how preschoolers fast-map novel verb meanings. First Language, 37(2), 186-204.",https://journals.sagepub.com/doi/pdf/10.1177/0142723716679800?casa_token=11bTjR_1yEMAAAAA:d4UP_eHrtIO4aqgA4n8HgpoNDxG_txcBZ9_CeuU-xAcldJJFl2JgD7MsQ3b57cnT7ofgK7eQ99Za,verb,include,same action vs same object (object change location),"Abbot-Smith, K., Imai, M., Durrant, S., & Nurmsoo, E. (2017)",figure_2,2,"Abbot-Smith, Imai, Durrant,& Nurmsoo (2017) - 2b",resultative_5_ongoing,pointing,action,19,0.3516483516483516,NA,0.5,0.19159995356222742,NA,0.19159995356222742,NA,NA,no,English,1943.2896,NA,NA,typical_developing,transitive,pronoun,pronoun,fake_verb,object_change,video_person,video,person,immediate_after,no,yes,distributed,6,1,8,8,She is mooping it!,where is she mooping it?,2,NA
anjie,abbot-smith2017,"Abbot-Smith, K., Imai, M., Durrant, S., & Nurmsoo, E. (2017). The role of timing and prototypical causality on how preschoolers fast-map novel verb meanings. First Language, 37(2), 186-204.",https://journals.sagepub.com/doi/pdf/10.1177/0142723716679800?casa_token=11bTjR_1yEMAAAAA:d4UP_eHrtIO4aqgA4n8HgpoNDxG_txcBZ9_CeuU-xAcldJJFl2JgD7MsQ3b57cnT7ofgK7eQ99Za,verb,include,same action vs same object (object change location),"Abbot-Smith, K., Imai, M., Durrant, S., & Nurmsoo, E. (2017)",figure_2,2,"Abbot-Smith, Imai, Durrant,& Nurmsoo (2017) - 2c",non_resultative_5_past,pointing,action,21,0.4505494505494505,NA,0.5,0.251789873349222,NA,0.251789873349222,NA,NA,no,English,1958.2052,NA,NA,typical_developing,transitive,pronoun,pronoun,fake_verb,object_change,video_person,video,person,immediate_after,no,yes,distributed,6,1,8,8,She mooped it,where did she moop it?,2,NA
anjie,abbot-smith2017,"Abbot-Smith, K., Imai, M., Durrant, S., & Nurmsoo, E. (2017). The role of timing and prototypical causality on how preschoolers fast-map novel verb meanings. First Language, 37(2), 186-204.",https://journals.sagepub.com/doi/pdf/10.1177/0142723716679800?casa_token=11bTjR_1yEMAAAAA:d4UP_eHrtIO4aqgA4n8HgpoNDxG_txcBZ9_CeuU-xAcldJJFl2JgD7MsQ3b57cnT7ofgK7eQ99Za,verb,include,same action vs same object (object change location),"Abbot-Smith, K., Imai, M., Durrant, S., & Nurmsoo, E. (2017)",figure_2,2,"Abbot-Smith, Imai, Durrant,& Nurmsoo (2017) - 2d",resultative_resultative_5_past,pointing,action,23,0.2747252747252747,NA,0.5,0.2108057812445151,NA,0.2108057812445151,NA,NA,no,English,1928.374,NA,NA,typical_developing,transitive,pronoun,pronoun,fake_verb,object_change,video_person,video,person,immediate_after,no,yes,distributed,6,1,8,8,She mooped it,where did she moop it?,2,NA
anjie,abbot-smith2017,"Abbot-Smith, K., Imai, M., Durrant, S., & Nurmsoo, E. (2017). The role of timing and prototypical causality on how preschoolers fast-map novel verb meanings. First Language, 37(2), 186-204.",https://journals.sagepub.com/doi/pdf/10.1177/0142723716679800?casa_token=11bTjR_1yEMAAAAA:d4UP_eHrtIO4aqgA4n8HgpoNDxG_txcBZ9_CeuU-xAcldJJFl2JgD7MsQ3b57cnT7ofgK7eQ99Za,verb,include,same action vs same object (object change location),"Abbot-Smith, K., Imai, M., Durrant, S., & Nurmsoo, E. (2017)",figure_2,2,"Abbot-Smith, Imai, Durrant,& Nurmsoo (2017) - 2e",non_resultative_3_ongoing,pointing,action,17,0.26373626373626374,NA,0.5,0.181235412115062,NA,0.181235412115062,NA,NA,no,English,1298.266,NA,NA,typical_developing,transitive,pronoun,pronoun,fake_verb,object_change,video_person,video,person,immediate_after,no,yes,distributed,6,1,8,8,She is mooping it!,where is she mooping it?,2,NA
anjie,abbot-smith2017,"Abbot-Smith, K., Imai, M., Durrant, S., & Nurmsoo, E. (2017). The role of timing and prototypical causality on how preschoolers fast-map novel verb meanings. First Language, 37(2), 186-204.",https://journals.sagepub.com/doi/pdf/10.1177/0142723716679800?casa_token=11bTjR_1yEMAAAAA:d4UP_eHrtIO4aqgA4n8HgpoNDxG_txcBZ9_CeuU-xAcldJJFl2JgD7MsQ3b57cnT7ofgK7eQ99Za,verb,include,same action vs same object (object change location),"Abbot-Smith, K., Imai, M., Durrant, S., & Nurmsoo, E. (2017)",figure_2,2,"Abbot-Smith, Imai, Durrant,& Nurmsoo (2017) - 2f",resultative_3_ongoing,pointing,action,17,0.06593406593406594,NA,0.5,0.1359265590862965,NA,0.1359265590862965,NA,NA,no,English,1301.6144,NA,NA,typical_developing,transitive,pronoun,pronoun,fake_verb,object_change,video_person,video,person,immediate_after,no,yes,distributed,6,1,8,8,She is mooping it!,where is she mooping it?,2,NA
anjie,abbot-smith2017,"Abbot-Smith, K., Imai, M., Durrant, S., & Nurmsoo, E. (2017). The role of timing and prototypical causality on how preschoolers fast-map novel verb meanings. First Language, 37(2), 186-204.",https://journals.sagepub.com/doi/pdf/10.1177/0142723716679800?casa_token=11bTjR_1yEMAAAAA:d4UP_eHrtIO4aqgA4n8HgpoNDxG_txcBZ9_CeuU-xAcldJJFl2JgD7MsQ3b57cnT7ofgK7eQ99Za,verb,include,same action vs same object (object change location),"Abbot-Smith, K., Imai, M., Durrant, S., & Nurmsoo, E. (2017)",figure_2,2,"Abbot-Smith, Imai, Durrant,& Nurmsoo (2017) - 2g",non_resultative_3_past,pointing,action,17,0.3076923076923077,NA,0.5,0.181235412115062,NA,0.181235412115062,NA,NA,no,English,1294.6132,NA,NA,typical_developing,transitive,pronoun,pronoun,fake_verb,object_change,video_person,video,person,immediate_after,no,yes,distributed,6,1,8,8,She mooped it,where did she moop it?,2,NA
anjie,abbot-smith2017,"Abbot-Smith, K., Imai, M., Durrant, S., & Nurmsoo, E. (2017). The role of timing and prototypical causality on how preschoolers fast-map novel verb meanings. First Language, 37(2), 186-204.",https://journals.sagepub.com/doi/pdf/10.1177/0142723716679800?casa_token=11bTjR_1yEMAAAAA:d4UP_eHrtIO4aqgA4n8HgpoNDxG_txcBZ9_CeuU-xAcldJJFl2JgD7MsQ3b57cnT7ofgK7eQ99Za,verb,include,same action vs same object (object change location),"Abbot-Smith, K., Imai, M., Durrant, S., & Nurmsoo, E. (2017)",figure_2,2,"Abbot-Smith, Imai, Durrant,& Nurmsoo (2017) - 2h",resultative_resultative_3_past,pointing,action,17,0.04395604395604395,NA,0.5,0.0453088530287655,NA,0.0453088530287655,NA,NA,no,English,1314.3992,NA,NA,typical_developing,transitive,pronoun,pronoun,fake_verb,object_change,video_person,video,person,immediate_after,no,yes,distributed,6,1,8,8,She mooped it,where did she moop it?,2,NA
