coder,unique_id,link,grammatical_class,short_cite,expt_num,expt_condition,dependent_measure,test_type,n_1,x_1,x_2_raw,x_2,SD_1,SD_2_raw,SD_2,t,d,same_infant,language,mean_age,productive_vocab_mean,productive_vocab_median,population_type,sentence_structure,agent_argument_type,patient_argument_type,verb_type,stimuli_type,stimuli_modality,stimuli_actor,presentation_type,character_identification,practice_phase,test_mass_or_distributed,n_train_test_pair,N_test_trial_per_pair,n_repetitions_sentence,n_repetitions_video,example_target_sentence,test_question,inclusion_certainty
alana/anjie,arunachalam2010,https://www.sciencedirect.com/science/article/abs/pii/S0010027709002674,verb,"Arunachalam, S., & Waxman, S. R. (2010)",1,transitive,point_scene,action,20,0.67,NA,0.5,0.06,NA,0.06,3.19,0.71,no,English,831.012,442,NA,typically_developing,transitive,pronoun_and_noun,pronoun_and_noun,fake_verb,video_person,video,person,asynchronous,no,yes,distributed,4,1,8,2,The lady mooped my brother / he is going to moop her,"Look, wow! Where's mooping?Do you see mooping? Find mooping!",2
alana/anjie,arunachalam2010,https://www.sciencedirect.com/science/article/abs/pii/S0010027709002674,verb,"Arunachalam, S., & Waxman, S. R. (2010)",1,intransitive,point_scene,action,20,0.57,NA,0.5,0.06,NA,0.06,1.34,NA,no,English,831.012,442,NA,typically_developing,intransitive,two_nouns_and_pronoun,N/A,fake_verb,video_person,video,person,asynchronous,no,yes,distributed,4,1,8,2,The lady and my brother mooped / Oh yes. They are going to moop,"Look, wow! Where's mooping?Do you see mooping? Find mooping!",2
alana/anjie,arunachalam2013b,https://www.sciencedirect.com/science/article/pii/S0010027713001789,verb,"Arunachalam, S. (2013)",1,transitive,looking_duration,action,20,0.59,NA,0.5,0.2,NA,0.2,NA,NA,no,English,827.968,75,NA,typically_developing,transitive,noun,noun,fake_verb,video_person,video,person,asynchronous,no,yes,distributed,4,1,NA,2,The girl wants to lorp the teacher,"Look, wow! Where's lorping? Find lorping!",2
alana/anjie,arunachalam2013b,https://www.sciencedirect.com/science/article/pii/S0010027713001789,verb,"Arunachalam, S. (2013)",1,intransitive,looking_duration,action,20,0.56,NA,0.5,0.23,NA,0.23,NA,NA,no,English,827.968,75,NA,typically_developing,intransitive,two_nouns,N/A,fake_verb,video_person,video,person,asynchronous,no,yes,distributed,4,1,NA,2,The girl and the teacher want to lorp,"Look, wow! Where's lorping? Find lorping!",2
alana/anjie,arunachalam2017,https://onlinelibrary.wiley.com/doi/pdf/10.1111/cogs.12368,verb,"Arunachalam, S. (2017)",1,PP,point_scene,action,20,0.69,NA,0.5,0.07,NA,0.07,NA,NA,no,English,1522,NA,NA,typically_developing,transitive,pronoun,noun_phrase,fake_verb,video_puppet,video,non-person,Immediate-after,yes,no,distributed,4,1,4,6,She's gonna meek the block to the turtle,where is she meeking the sheep to the pig?,1
anjie,arunachalam2017,https://onlinelibrary.wiley.com/doi/pdf/10.1111/cogs.12368,verb,"Arunachalam, S. (2017)",1,DO,point_scene,action,20,0.53,NA,0.5,0.03673267326732674,NA,0.03673267326732674,NA,NA,no,English,1522,NA,NA,typically_developing,transitive,pronoun,noun_phrase,fake_verb,video_puppet,video,non-person,Immediate-after,yes,no,distributed,4,1,4,6,she's gonna meek the turtle the block.,where is she meeking the sheep the pig?,1
anjie,arunachalam2017,https://onlinelibrary.wiley.com/doi/pdf/10.1111/cogs.12368,verb,"Arunachalam, S. (2017)",2,PP_DO_no_delay,point_scene,action,20,0.63,NA,0.5,0.05338983050847458,NA,0.05338983050847458,NA,NA,no,English,1582.88,NA,NA,typically_developing,transitive,pronoun,noun_phrase,fake_verb,video_puppet,video,non-person,Immediate-after,yes,no,distributed,4,1,4,6,She's gonna meek the block to the turtle,where is she meeking the sheep the pig?,1
alana,asplin2002,https://scholarworks.umass.edu/cgi/viewcontent.cgi?article=2294&context=dissertations_1,verb / sentence structure,"Asplin, K. N. (2002)",1,tensed_3,point_scene,actor,6,0.6,NA,0.5,0.2,NA,0.2,NA,NA,asplin2002,English,1248.04,NA,NA,typically_developing,transitive,pronoun,noun_phrase,fake_verb,picture_characters,picture,non-person,asynchronous,no,yes,mass,1,4,4,NA,someone daxed that the raccoon ate the corn,who daxed that the raccoon ate the corn,1
alana,asplin2002,https://scholarworks.umass.edu/cgi/viewcontent.cgi?article=2294&context=dissertations_1,verb / sentence structure,"Asplin, K. N. (2002)",1,tensed_4,point_scene,actor,6,0.7,NA,0.5,0.2,NA,0.2,NA,NA,asplin2002,English,1643.76,NA,NA,typically_developing,transitive,pronoun,noun_phrase,fake_verb,picture_characters,picture,non-person,asynchronous,no,yes,mass,1,4,4,NA,someone daxed that the raccoon ate the corn,who daxed that the raccoon ate the corn,1
alana,asplin2002,https://scholarworks.umass.edu/cgi/viewcontent.cgi?article=2294&context=dissertations_1,verb / sentence structure,"Asplin, K. N. (2002)",1,tensed_5,point_scene,actor,6,0.33,NA,0.5,0.24,NA,0.24,NA,NA,asplin2002,English,1917.72,NA,NA,typically_developing,transitive,pronoun,noun_phrase,fake_verb,picture_characters,picture,non-person,asynchronous,no,yes,mass,1,4,4,NA,someone daxed that the raccoon ate the corn,who daxed that the raccoon ate the corn,1
alana,asplin2002,https://scholarworks.umass.edu/cgi/viewcontent.cgi?article=2294&context=dissertations_1,verb / sentence structure,"Asplin, K. N. (2002)",1,infinitival_3,point_scene,actor,6,0.33,NA,0.5,0.22,NA,0.22,NA,NA,asplin2002,English,1248.04,NA,NA,typically_developing,transitive,pronoun,noun_phrase,fake_verb,picture_characters,picture,non-person,asynchronous,no,yes,mass,1,4,4,NA,someone daxed the racoon to eat the corn,who daxed the racoon to eat the corn,1
alana,asplin2002,https://scholarworks.umass.edu/cgi/viewcontent.cgi?article=2294&context=dissertations_1,verb / sentence structure,"Asplin, K. N. (2002)",1,infinitival_4,point_scene,actor,6,0.56,NA,0.5,0.16,NA,0.16,NA,NA,asplin2002,English,1643.76,NA,NA,typically_developing,transitive,pronoun,noun_phrase,fake_verb,picture_characters,picture,non-person,asynchronous,no,yes,mass,1,4,4,NA,someone daxed the racoon to eat the corn,who daxed the racoon to eat the corn,1
alana,asplin2002,https://scholarworks.umass.edu/cgi/viewcontent.cgi?article=2294&context=dissertations_1,verb / sentence structure,"Asplin, K. N. (2002)",1,infinitival_5,point_scene,actor,6,1,NA,0.5,0,NA,0,NA,NA,asplin2002,English,1917.72,NA,NA,typically_developing,transitive,pronoun,noun_phrase,fake_verb,picture_characters,picture,non-person,asynchronous,no,yes,mass,1,4,4,NA,someone daxed the racoon to eat the corn,who daxed the racoon to eat the corn,1
alana/anjie,bunger2006,http://ling.umd.edu/labs/acquisition/papers/BungerLidz2006.pdf,verb,"Bunger, A., & Lidz, J. (2006)",1,transitive,looking_duration,action,12,0.6,0.4,0.5,0.06,0.03,NA,NA,NA,no,English,729.12,NA,NA,typically_developing,transitive,noun,noun,fake_verb,video_person,video,person,simultaneous,"NA","NA",distributed,4,1,8,5,The girl is pimming the ball.,"Oh look, they’re different. Do you see pimming? Do you see pimming? Where’s pimming now?",1
anjie,bunger2006,http://ling.umd.edu/labs/acquisition/papers/BungerLidz2006.pdf,verb,"Bunger, A., & Lidz, J. (2006)",1,unaccusitive_intransitive,looking_duration,action,12,0.52,0.54,0.5,0.07,0.05,NA,NA,NA,no,English,729.12,NA,NA,typically_developing,intransitive,noun,"NA",fake_verb,video_person,video,person,simultaneous,"NA","NA",distributed,4,1,8,5,The ball is pimming.,"Oh look, they’re different. Do you see pimming? Do you see pimming? Where’s pimming now?",1
anjie/molly,fisher2002,https://onlinelibrary.wiley.com/doi/abs/10.1111/1467-7687.00209,verb,"Fisher, C. (2002).",1,transitive_sentence_2.5YO,point,agent,12,0.625,NA,0.5,0.104,NA,0.104,NA,NA,no,English,904.068,NA,NA,typically_developing,transitive,pronoun,pronoun,fake_verb,video_person,video,person,immediate-after,"NA","NA",distributed,4,3,9,3,She stipes her over there!,which one (verbed) the other one....point!/which one (verbed)....point!,1
anjie/molly,fisher2002,https://onlinelibrary.wiley.com/doi/abs/10.1111/1467-7687.00209,verb,"Fisher, C. (2002).",1,intransitive_sentence_2.5YO,point,agent,12,0.326,NA,0.5,0.11,NA,0.11,NA,NA,no,English,904.068,NA,NA,typically_developing,intransitive,pronoun,"NA",fake_verb,video_person,video,person,immediate-after,"NA","NA",distributed,4,3,9,3,She stipes over there!,which one (verbed) the other one....point!/which one (verbed)....point!,1
anjie/molly,fisher2002,https://onlinelibrary.wiley.com/doi/abs/10.1111/1467-7687.00209,verb,"Fisher, C. (2002).",1,transitive_sentence_3YO,point,agent,12,0.667,NA,0.5,0.089,NA,0.089,NA,NA,no,English,1184.116,NA,NA,typically_developing,transitive,pronoun,pronoun,fake_verb,video_person,video,person,immediate-after,"NA","NA",distributed,4,3,9,3,She stipes her over there!,which one (verbed) the other one....point!/which one (verbed)....point!,1
anjie/molly,fisher2002,https://onlinelibrary.wiley.com/doi/abs/10.1111/1467-7687.00209,verb,"Fisher, C. (2002).",1,intransitive_sentence_3YO,point,agent,11,0.045,NA,0.5,0.045,NA,0.045,NA,NA,no,English,1184.116,NA,NA,typically_developing,intransitive,pronoun,"NA",fake_verb,video_person,video,person,immediate-after,"NA","NA",distributed,4,3,9,3,She stipes over there!,which one (verbed) the other one....point!/which one (verbed)....point!,1
molly,fisher2002,https://onlinelibrary.wiley.com/doi/abs/10.1111/1467-7687.00209,verb,"Fisher, C. (2002).",1,transitive_sentence_adult,point,agent,12,1,NA,0.5,0,NA,0,NA,NA,no,English,NA,NA,NA,typically_developing,transitive,pronoun,pronoun,fake_verb,video_person,video,person,immediate-after,"NA","NA",distributed,4,3,9,3,She stipes her over there!,which one (verbed) the other one....point!/which one (verbed)....point!,1
molly,fisher2002,https://onlinelibrary.wiley.com/doi/abs/10.1111/1467-7687.00209,verb,"Fisher, C. (2002).",1,transitive_sentence_adult,point,agent,12,0.313,NA,0.5,0.088,NA,0.088,NA,NA,no,English,NA,NA,NA,typically_developing,intransitive,pronoun,"NA",fake_verb,video_person,video,person,immediate-after,"NA","NA",distributed,4,3,9,3,She stipes over there!,which one (verbed) the other one....point!/which one (verbed)....point!,1
anjie/molly,fisher2002,https://onlinelibrary.wiley.com/doi/abs/10.1111/1467-7687.00209,verb,"Fisher, C. (2002).",2,transitive_sentence_2.5YO,point,agent,12,0.549,NA,0.5,0.096,NA,0.096,NA,NA,no,English,916.244,NA,NA,typically_developing,transitive,pronoun,pronoun,fake_verb,video_person,video,person,immediate-after,"NA","NA",distributed,4,3,9,3,She stipes her over there!,which one (verbed) the other one....point!/which one (verbed)....point!,1
anjie/molly,fisher2002,https://onlinelibrary.wiley.com/doi/abs/10.1111/1467-7687.00209,verb,"Fisher, C. (2002).",2,intransitive_sentence_2.5YO,point,agent,12,0.285,NA,0.5,0.077,NA,0.077,NA,NA,no,English,916.244,NA,NA,typically_developing,intransitive,pronoun,"NA",fake_verb,video_person,video,person,immediate-after,"NA","NA",distributed,4,3,9,3,She stipes over there!,which one (verbed) the other one....point!/which one (verbed)....point!,1
anjie/molly,gertner2006b,https://journals.sagepub.com/doi/full/10.1111/j.1467-9280.2006.01767.x,verb,"Gertner, Y., Fisher, C., & Eisengart, J. (2006).",1,transitive_sentence,looking_duration,action,24,0.56,NA,0.5,0.03,NA,0.03,2.37,0.48,no,English,774.698,NA,55,typically_developing,transitive,noun,noun,fake_verb,video_animal,video,non-person,immediate-after,yes,yes,mass,1,2,5,2,The duck is gorping the bunny/the bunny is gorping the duck,Find gorping!,2
anjie/molly,gertner2006b,https://journals.sagepub.com/doi/full/10.1111/j.1467-9280.2006.01767.x,verb,"Gertner, Y., Fisher, C., & Eisengart, J. (2006).",2,transitive_sentence,looking_duration,action,24,0.56,NA,0.5,0.02,NA,0.02,2.61,0.53,no,English,769.8276,NA,62,typically_developing,transitive,pronoun,pronoun,fake_verb,video_animal,video,non-person,immediate-after,yes,yes,mass,1,2,5,2,He is gorping the bunny,Find gorping!,2
anjie/molly,gertner2006b,https://journals.sagepub.com/doi/full/10.1111/j.1467-9280.2006.01767.x,verb,"Gertner, Y., Fisher, C., & Eisengart, J. (2006).",3,transitive_sentence,looking_duration,action,16,0.7,NA,0.5,0.05,NA,0.05,3.99,1,no,English,648.0676,NA,34,typically_developing,transitive,noun,noun,fake_verb,video_person,video,person,immediate-after,yes,yes,mass,1,2,5,3,The girl is gorping the boy!,Find gorping!,2
anjie/molly,gertner2006b,https://journals.sagepub.com/doi/full/10.1111/j.1467-9280.2006.01767.x,verb,"Gertner, Y., Fisher, C., & Eisengart, J. (2006).",4,transitive_sentence,looking_duration,action,16,0.64,NA,0.5,0.06,NA,0.06,2.18,0.54,no,English,629.4992,NA,29,typically_developing,transitive,pronoun,noun,fake_verb,video_person,video,person,immediate-after,yes,yes,mass,1,2,5,3,Who's gorping the duck?,Find gorping!,2
anjie/molly,gertner2012,https://www.sciencedirect.com/science/article/abs/pii/S0010027712000601,verb,"Gertner, Y., & Fisher, C. (2012)",1,transitive_sentence,looking_duration,action,8,0.6,NA,0.5,0.0583333333333333,NA,0.0583333333333333,NA,NA,no,English,627.064,NA,28,typically_developing,transitive,noun,noun,fake_verb,video_person,video,person,immediate-after,yes,yes,distributed,2,2,5,2,The girl is pilking the boy,"NA",2
anjie/molly,gertner2012,https://www.sciencedirect.com/science/article/abs/pii/S0010027712000601,verb,"Gertner, Y., & Fisher, C. (2012)",1,agent_first,looking_duration,action,8,0.381944444444444,NA,0.5,0.0361111111111111,NA,0.0361111111111111,NA,NA,no,English,627.064,NA,28,typically_developing,intransitive,2nouns,"NA",fake_verb,video_person,video,person,immediate-after,yes,yes,distributed,2,2,5,2,The girl and the boy are pilking!,"NA",1
anjie/molly,gertner2012,https://www.sciencedirect.com/science/article/abs/pii/S0010027712000601,verb,"Gertner, Y., & Fisher, C. (2012)",1,patient_first,looking_duration,action,8,0.565277777777778,NA,0.5,0.0472222222222222,NA,0.0472222222222222,NA,NA,no,English,627.064,NA,28,typically_developing,intransitive,2nouns,"NA",fake_verb,video_person,video,person,immediate-after,yes,yes,distributed,2,2,5,2,The boy and the girl are pilking!,"NA",1
anjie,gertner2012,https://www.sciencedirect.com/science/article/abs/pii/S0010027712000601,verb,"Gertner, Y., & Fisher, C. (2012)",informal,transitive_sentence,looking_duration,action,6,0.56,NA,0.5,0.03,NA,0.03,NA,NA,no,English,940.596,NA,NA,typically_developing,transitive,noun,noun,fake_verb,video_person,video,person,immediate-after,yes,yes,distributed,2,2,5,2,The girl is pilking the boy,"NA",1
anjie,gertner2012,https://www.sciencedirect.com/science/article/abs/pii/S0010027712000601,verb,"Gertner, Y., & Fisher, C. (2012)",informal,agent_first,looking_duration,action,6,0.65,NA,0.5,0.05,NA,0.05,NA,NA,no,English,940.596,NA,NA,typically_developing,intransitive,2nouns,"NA",fake_verb,video_person,video,person,immediate-after,yes,yes,distributed,2,2,5,2,The girl and the boy are pilking!,"NA",1
anjie,gertner2012,https://www.sciencedirect.com/science/article/abs/pii/S0010027712000601,verb,"Gertner, Y., & Fisher, C. (2012)",2,transitive_sentence,looking_duration,action,8,0.5638888888888889,NA,0.5,0.026388888888888892,NA,0.0746390491252467,NA,NA,no,English,633.152,NA,29.5,typically_developing,transitive,noun,noun,fake_verb,video_person,video,person,asynchronous,yes,yes,distributed,2,2,21,2,The girl is pilking the boy,"NA",2
anjie,gertner2012,https://www.sciencedirect.com/science/article/abs/pii/S0010027712000601,verb,"Gertner, Y., & Fisher, C. (2012)",2,agent_first,looking_duration,action,8,0.37083333333333335,NA,0.5,0.019444444444444448,NA,0.054997194092287045,NA,NA,no,English,633.152,NA,29.5,typically_developing,intransitive,2nouns,"NA",fake_verb,video_person,video,person,asynchronous,yes,yes,distributed,2,2,21,2,The girl and the boy are pilking!,"NA",1
anjie,gertner2012,https://www.sciencedirect.com/science/article/abs/pii/S0010027712000601,verb,"Gertner, Y., & Fisher, C. (2012)",2,patient_first,looking_duration,action,8,0.5777777777777777,NA,0.5,0.03194444444444445,NA,0.09035253315161443,NA,NA,no,English,633.152,NA,29.5,typically_developing,intransitive,2nouns,"NA",fake_verb,video_person,video,person,asynchronous,yes,yes,distributed,2,2,21,2,The boy and the girl are pilking!,"NA",1
anjie,he2020,https://reader.elsevier.com/reader/sd/pii/S001002772030024X?token=02503878CEB15BF77278EC5C399C67DB6C05F24619E47B377C90E3E161E184F5CD606796ACFC2D3E4871B90D3BE46E5C,verb,"He, A. X., Huang, S., Waxman, S., & Arunachalam, S. (2020).",1,wake_condition_visit1,looking_duration,action,21,0.43,NA,0.5,0.13,NA,0.13,NA,NA,no,English,815.792,NA,NA,typically_developing,transitive,noun,noun,fake_verb,video_person,video,person,asynchronous,no,no,distributed,4,1,8,2,They boy is going to moop the lady,Look! Where's mooping? Do you see mooping? Find mooping,2
anjie,he2020,https://reader.elsevier.com/reader/sd/pii/S001002772030024X?token=02503878CEB15BF77278EC5C399C67DB6C05F24619E47B377C90E3E161E184F5CD606796ACFC2D3E4871B90D3BE46E5C,verb,"He, A. X., Huang, S., Waxman, S., & Arunachalam, S. (2020).",1,nap_condition_visit1,looking_duration,action,21,0.41,NA,0.5,0.17,NA,0.17,NA,NA,no,English,815.792,NA,NA,typically_developing,transitive,noun,noun,fake_verb,video_person,video,person,asynchronous,no,no,distributed,4,1,8,2,They boy is going to moop the lady,Look! Where's mooping? Do you see mooping? Find mooping,2
anjie,imai2008,https://srcd.onlinelibrary.wiley.com/doi/full/10.1111/j.1467-8624.2008.01171.x?casa_token=o2E4FFLF4HIAAAAA%3A5H3uyVEjiO8tV6v1LqpJB3hup4UkBlZWhYo5qXQRTRHP0OpD6_MnyBN8vxb790WS9prLRcm9gv1PgQ,verb and noun,"Imai, M., Li, L., Haryu, E., Okada, H., Hirsh‐Pasek, K., Golinkoff, R. M., & Shigematsu, J. (2008).",1,verb_with_argument_3YO_JP,point_scene,action,14,0.39,NA,0.5,0.44,NA,0.44,-0.9,NA,no,Japanese,1315.008,NA,NA,typically_developing,transitive,pronoun,pronoun,fake_verb,video_person,video,person,simultaneous,no,yes,distributed,6,1,3,2,"‘Mite (look)! Oneesan (girl) ga (Nominal particle) nanika (something)- wo (Accusative particle) X-teiru (X-progressive)’’ ‘‘Look, she is X-ing something’’",‘‘Oneesan (girl) ga (Nominal particle) nanika (something)- wo (Accusative particle) X-teiru (X- progressive) no (Genetive)-wa (Topic) docchi (which movie)?’’ ‘‘In which (movie) is she X-ing something?’’,2
anjie,imai2008,https://srcd.onlinelibrary.wiley.com/doi/full/10.1111/j.1467-8624.2008.01171.x?casa_token=o2E4FFLF4HIAAAAA%3A5H3uyVEjiO8tV6v1LqpJB3hup4UkBlZWhYo5qXQRTRHP0OpD6_MnyBN8vxb790WS9prLRcm9gv1PgQ,verb and noun,"Imai, M., Li, L., Haryu, E., Okada, H., Hirsh‐Pasek, K., Golinkoff, R. M., & Shigematsu, J. (2008).",1,verb_with_argument_5YO_JP,point_scene,action,14,0.69,NA,0.5,0.45,NA,0.45,1.56,NA,no,Japanese,2009.04,NA,NA,typically_developing,transitive,pronoun,pronoun,fake_verb,video_person,video,person,simultaneous,no,yes,distributed,6,1,3,2,"‘Mite (look)! Oneesan (girl) ga (Nominal particle) nanika (something)- wo (Accusative particle) X-teiru (X-progressive)’’ ‘‘Look, she is X-ing something’’",‘‘Oneesan (girl) ga (Nominal particle) nanika (something)- wo (Accusative particle) X-teiru (X- progressive) no (Genetive)-wa (Topic) docchi (which movie)?’’ ‘‘In which (movie) is she X-ing something?’’,2
anjie,imai2008,https://srcd.onlinelibrary.wiley.com/doi/full/10.1111/j.1467-8624.2008.01171.x?casa_token=o2E4FFLF4HIAAAAA%3A5H3uyVEjiO8tV6v1LqpJB3hup4UkBlZWhYo5qXQRTRHP0OpD6_MnyBN8vxb790WS9prLRcm9gv1PgQ,verb and noun,"Imai, M., Li, L., Haryu, E., Okada, H., Hirsh‐Pasek, K., Golinkoff, R. M., & Shigematsu, J. (2008).",1,verb_bare_3YO_JP,point_scene,action,13,0.38,NA,0.5,0.41,NA,0.41,-1.072,NA,no,Japanese,1315.008,NA,NA,typically_developing,bare_verb,"NA","NA",fake_verb,video_person,video,person,simultaneous,no,yes,distributed,6,1,3,2,"‘‘Mite (look)! X-teiru (X-progressive)’’ ‘‘Look, X-ing’’",X-teiru-no(Genetive particle)-wa (Topic particle) docchi (which movie)?’’ ‘‘In which (movie) is (she) X-ing?’’,1
anjie,imai2008,https://srcd.onlinelibrary.wiley.com/doi/full/10.1111/j.1467-8624.2008.01171.x?casa_token=o2E4FFLF4HIAAAAA%3A5H3uyVEjiO8tV6v1LqpJB3hup4UkBlZWhYo5qXQRTRHP0OpD6_MnyBN8vxb790WS9prLRcm9gv1PgQ,verb and noun,"Imai, M., Li, L., Haryu, E., Okada, H., Hirsh‐Pasek, K., Golinkoff, R. M., & Shigematsu, J. (2008).",1,verb_bare_5YO_JP,point_scene,action,14,0.77,NA,0.5,0.42,NA,0.42,2.43,NA,no,Japanese,2009.04,NA,NA,typically_developing,bare_verb,"NA","NA",fake_verb,video_person,video,person,simultaneous,no,yes,distributed,6,1,3,2,"‘‘Mite (look)! X-teiru (X-progressive)’’ ‘‘Look, X-ing’’",X-teiru-no(Genetive particle)-wa (Topic particle) docchi (which movie)?’’ ‘‘In which (movie) is (she) X-ing?’’,1
anjie,imai2008,https://srcd.onlinelibrary.wiley.com/doi/full/10.1111/j.1467-8624.2008.01171.x?casa_token=o2E4FFLF4HIAAAAA%3A5H3uyVEjiO8tV6v1LqpJB3hup4UkBlZWhYo5qXQRTRHP0OpD6_MnyBN8vxb790WS9prLRcm9gv1PgQ,verb and noun,"Imai, M., Li, L., Haryu, E., Okada, H., Hirsh‐Pasek, K., Golinkoff, R. M., & Shigematsu, J. (2008).",2,verb_with_argument_3YO_En,point_scene,action,18,0.42,NA,0.5,0.35,NA,0.35,1.18,NA,no,English,1278.48,NA,NA,typically_developing,transitive,pronoun,pronoun,fake_verb,video_person,video,person,simultaneous,no,yes,distributed,6,1,3,2,Look! She is X-ing it!,Where is she X-ing it?,2
anjie,imai2008,https://srcd.onlinelibrary.wiley.com/doi/full/10.1111/j.1467-8624.2008.01171.x?casa_token=o2E4FFLF4HIAAAAA%3A5H3uyVEjiO8tV6v1LqpJB3hup4UkBlZWhYo5qXQRTRHP0OpD6_MnyBN8vxb790WS9prLRcm9gv1PgQ,verb and noun,"Imai, M., Li, L., Haryu, E., Okada, H., Hirsh‐Pasek, K., Golinkoff, R. M., & Shigematsu, J. (2008).",2,verb_with_argument_5YO_En,point_scene,action,21,0.7,NA,0.5,0.33,NA,0.33,2.8,NA,no,English,1899.456,NA,NA,typically_developing,transitive,pronoun,pronoun,fake_verb,video_person,video,person,simultaneous,no,yes,distributed,6,1,3,2,Look! She is X-ing it!,Where is she X-ing it?,2
anjie,imai2008,https://srcd.onlinelibrary.wiley.com/doi/full/10.1111/j.1467-8624.2008.01171.x?casa_token=o2E4FFLF4HIAAAAA%3A5H3uyVEjiO8tV6v1LqpJB3hup4UkBlZWhYo5qXQRTRHP0OpD6_MnyBN8vxb790WS9prLRcm9gv1PgQ,verb and noun,"Imai, M., Li, L., Haryu, E., Okada, H., Hirsh‐Pasek, K., Golinkoff, R. M., & Shigematsu, J. (2008).",3,verb_with_argument_3YO_CN_bisl,point_scene,action,12,0.08,NA,0.5,0.15,NA,0.15,NA,NA,no,Chinese,1278.48,NA,NA,typically_developing,transitive,noun,noun,fake_verb,video_person,video,person,simultaneous,no,yes,distributed,6,1,3,2,Ni (you) kan (look)! Ayi (girl) zai (progressive) X yi (one) ge (classifier) dongxi (thing) ne (mode marking particle)’’ ‘‘Look (a) girl is X-ing one thing’’,"Na (which) zhang (classifier) tu (picture) li (within) ayi (aunt) zai (progressive) X yi-(one) ge (classifier) dongxi (thing)?’’
‘‘In which picture is she X-ing
something?’’",2
anjie,imai2008,https://srcd.onlinelibrary.wiley.com/doi/full/10.1111/j.1467-8624.2008.01171.x?casa_token=o2E4FFLF4HIAAAAA%3A5H3uyVEjiO8tV6v1LqpJB3hup4UkBlZWhYo5qXQRTRHP0OpD6_MnyBN8vxb790WS9prLRcm9gv1PgQ,verb and noun,"Imai, M., Li, L., Haryu, E., Okada, H., Hirsh‐Pasek, K., Golinkoff, R. M., & Shigematsu, J. (2008).",3,verb_with_argument_5YO_CN_bisl,point_scene,action,12,0.2,NA,0.5,0.38,NA,0.38,NA,NA,no,Chinese,2045.568,NA,NA,typically_developing,transitive,noun,noun,fake_verb,video_person,video,person,simultaneous,no,yes,distributed,6,1,3,2,Ni (you) kan (look)! Ayi (girl) zai (progressive) X yi (one) ge (classifier) dongxi (thing) ne (mode marking particle)’’ ‘‘Look (a) girl is X-ing one thing’’,"Na (which) zhang (classifier) tu (picture) li (within) ayi (aunt) zai (progressive) X yi-(one) ge (classifier) dongxi (thing)?’’
‘‘In which picture is she X-ing
something?’’",2
anjie,imai2008,https://srcd.onlinelibrary.wiley.com/doi/full/10.1111/j.1467-8624.2008.01171.x?casa_token=o2E4FFLF4HIAAAAA%3A5H3uyVEjiO8tV6v1LqpJB3hup4UkBlZWhYo5qXQRTRHP0OpD6_MnyBN8vxb790WS9prLRcm9gv1PgQ,verb and noun,"Imai, M., Li, L., Haryu, E., Okada, H., Hirsh‐Pasek, K., Golinkoff, R. M., & Shigematsu, J. (2008).",3A,verb_with_argument_ADULT_CN_bisl,point_scene,action,12,1,NA,0.5,0,NA,0,NA,NA,no,Chinese,NA,NA,NA,typically_developing,transitive,noun,noun,fake_verb,video_person,video,person,simultaneous,no,yes,distributed,6,1,3,2,Ni (you) kan (look)! Ayi (girl) zai (progressive) X yi (one) ge (classifier) dongxi (thing) ne (mode marking particle)’’ ‘‘Look (a) girl is X-ing one thing’’,"Na (which) zhang (classifier) tu (picture) li (within) ayi (aunt) zai (progressive) X yi-(one) ge (classifier) dongxi (thing)?’’
‘‘In which picture is she X-ing
something?’’",2
anjie,imai2008,https://srcd.onlinelibrary.wiley.com/doi/full/10.1111/j.1467-8624.2008.01171.x?casa_token=o2E4FFLF4HIAAAAA%3A5H3uyVEjiO8tV6v1LqpJB3hup4UkBlZWhYo5qXQRTRHP0OpD6_MnyBN8vxb790WS9prLRcm9gv1PgQ,verb and noun,"Imai, M., Li, L., Haryu, E., Okada, H., Hirsh‐Pasek, K., Golinkoff, R. M., & Shigematsu, J. (2008).",4,verb_with_argument_3YO_CN_mosl,point_scene,action,12,0.25,NA,0.5,0.33,NA,0.33,2.63,NA,no,Chinese,1315.008,NA,NA,typically_developing,transitive,noun,noun,fake_verb,video_person,video,person,simultaneous,no,yes,distributed,6,1,3,2,Ni (you) kan (look)! Ayi (girl) zai (progressive) X yi (one) ge (classifier) dongxi (thing) ne (mode marking particle)’’ ‘‘Look (a) girl is X-ing one thing’’,"Na (which) zhang (classifier) tu (picture) li (within) ayi (aunt) zai (progressive) X yi-(one) ge (classifier) dongxi (thing)?’’
‘‘In which picture is she X-ing
something?’’",2
anjie,imai2008,https://srcd.onlinelibrary.wiley.com/doi/full/10.1111/j.1467-8624.2008.01171.x?casa_token=o2E4FFLF4HIAAAAA%3A5H3uyVEjiO8tV6v1LqpJB3hup4UkBlZWhYo5qXQRTRHP0OpD6_MnyBN8vxb790WS9prLRcm9gv1PgQ,verb and noun,"Imai, M., Li, L., Haryu, E., Okada, H., Hirsh‐Pasek, K., Golinkoff, R. M., & Shigematsu, J. (2008).",4,verb_with_argument_5YO_CN_mosl,point_scene,action,12,0.33,NA,0.5,0.49,NA,0.49,1.17,NA,no,Chinese,2082.096,NA,NA,typically_developing,transitive,noun,noun,fake_verb,video_person,video,person,simultaneous,no,yes,distributed,6,1,3,2,Ni (you) kan (look)! Ayi (girl) zai (progressive) X yi (one) ge (classifier) dongxi (thing) ne (mode marking particle)’’ ‘‘Look (a) girl is X-ing one thing’’,"Na (which) zhang (classifier) tu (picture) li (within) ayi (aunt) zai (progressive) X yi-(one) ge (classifier) dongxi (thing)?’’
‘‘In which picture is she X-ing
something?’’",2
anjie,imai2008,https://srcd.onlinelibrary.wiley.com/doi/full/10.1111/j.1467-8624.2008.01171.x?casa_token=o2E4FFLF4HIAAAAA%3A5H3uyVEjiO8tV6v1LqpJB3hup4UkBlZWhYo5qXQRTRHP0OpD6_MnyBN8vxb790WS9prLRcm9gv1PgQ,verb and noun,"Imai, M., Li, L., Haryu, E., Okada, H., Hirsh‐Pasek, K., Golinkoff, R. M., & Shigematsu, J. (2008).",4,verb_with_argument_6YO_CN_mosl,point_scene,action,15,0.53,NA,0.5,0.45,NA,0.45,0.19,NA,no,Chinese,2520.432,NA,NA,typically_developing,transitive,noun,noun,fake_verb,video_person,video,person,simultaneous,no,yes,distributed,6,1,3,2,Ni (you) kan (look)! Ayi (girl) zai (progressive) X yi (one) ge (classifier) dongxi (thing) ne (mode marking particle)’’ ‘‘Look (a) girl is X-ing one thing’’,"Na (which) zhang (classifier) tu (picture) li (within) ayi (aunt) zai (progressive) X yi-(one) ge (classifier) dongxi (thing)?’’
‘‘In which picture is she X-ing
something?’’",2
anjie,imai2008,https://srcd.onlinelibrary.wiley.com/doi/full/10.1111/j.1467-8624.2008.01171.x?casa_token=o2E4FFLF4HIAAAAA%3A5H3uyVEjiO8tV6v1LqpJB3hup4UkBlZWhYo5qXQRTRHP0OpD6_MnyBN8vxb790WS9prLRcm9gv1PgQ,verb and noun,"Imai, M., Li, L., Haryu, E., Okada, H., Hirsh‐Pasek, K., Golinkoff, R. M., & Shigematsu, J. (2008).",4,verb_with_argument_8YO_CN_mosl,point_scene,action,15,0.73,NA,0.5,0.39,NA,0.39,2.17,NA,no,Chinese,3214.464,NA,NA,typically_developing,transitive,noun,noun,fake_verb,video_person,video,person,simultaneous,no,yes,distributed,6,1,3,2,Ni (you) kan (look)! Ayi (girl) zai (progressive) X yi (one) ge (classifier) dongxi (thing) ne (mode marking particle)’’ ‘‘Look (a) girl is X-ing one thing’’,"Na (which) zhang (classifier) tu (picture) li (within) ayi (aunt) zai (progressive) X yi-(one) ge (classifier) dongxi (thing)?’’
‘‘In which picture is she X-ing
something?’’",2
anjie,imai2008,https://srcd.onlinelibrary.wiley.com/doi/full/10.1111/j.1467-8624.2008.01171.x?casa_token=o2E4FFLF4HIAAAAA%3A5H3uyVEjiO8tV6v1LqpJB3hup4UkBlZWhYo5qXQRTRHP0OpD6_MnyBN8vxb790WS9prLRcm9gv1PgQ,verb and noun,"Imai, M., Li, L., Haryu, E., Okada, H., Hirsh‐Pasek, K., Golinkoff, R. M., & Shigematsu, J. (2008).",4A,verb_with_argument_3YO_CN_mosl_aux,point_scene,action,15,0.34,NA,0.5,0.299,NA,0.299,-2.018,NA,no,Chinese,1315.008,NA,NA,typically_developing,transitive,noun,noun,fake_verb,video_person,video,person,simultaneous,no,yes,distributed,6,1,3,2,‘‘Ni (you) kan (look)! Ayi (girl) zai (progressive) X yi (one) ge (classifier) dongxi (thing) ne (mode marking particle)’’ ‘‘Look (a) girl is X-ing one thing’’ ‘‘Ni (you) kan (look)! Ayi (girl) zhengzai (progressive) X yi (one) ge (classifier) dongxi (thing) ne (mode marking particle)’’‘‘Look (a) girl is X-ing one thing’’ ‘‘Ni (you) kan (look)! Ayi (girl) yizhizai (progressive) X yi (one) ge (classifier) dongxi (thing) ne (mode marking particle)’’‘‘Look (a) girl is always X-ing one thing’’,"‘‘Na (which) zhang (classifier) tu
(picture) li (within) ayi (aunt) zai (progressive) X yi-(one) ge (classifier) dongxi (thing)?’’ ‘‘Ayi (aunt) zai (progressive) X yi-(one) ge (classifier) dongxi (thing) de (progressive) tu (picture) shi (is) na (which) yi-(one) ge(classifier)’’ ‘‘In which picture is she X-ing something?’’",1
anjie,imai2008,https://srcd.onlinelibrary.wiley.com/doi/full/10.1111/j.1467-8624.2008.01171.x?casa_token=o2E4FFLF4HIAAAAA%3A5H3uyVEjiO8tV6v1LqpJB3hup4UkBlZWhYo5qXQRTRHP0OpD6_MnyBN8vxb790WS9prLRcm9gv1PgQ,verb and noun,"Imai, M., Li, L., Haryu, E., Okada, H., Hirsh‐Pasek, K., Golinkoff, R. M., & Shigematsu, J. (2008).",4A,verb_with_argument_5YO_CN_mosl_aux,point_scene,action,15,0.39,NA,0.5,0.43,NA,0.43,NA,NA,no,Chinese,1935.984,NA,NA,typically_developing,transitive,noun,noun,fake_verb,video_person,video,person,simultaneous,no,yes,distributed,6,1,3,2,‘‘Ni (you) kan (look)! Ayi (girl) zai (progressive) X yi (one) ge (classifier) dongxi (thing) ne (mode marking particle)’’ ‘‘Look (a) girl is X-ing one thing’’ ‘‘Ni (you) kan (look)! Ayi (girl) zhengzai (progressive) X yi (one) ge (classifier) dongxi (thing) ne (mode marking particle)’’‘‘Look (a) girl is X-ing one thing’’ ‘‘Ni (you) kan (look)! Ayi (girl) yizhizai (progressive) X yi (one) ge (classifier) dongxi (thing) ne (mode marking particle)’’‘‘Look (a) girl is always X-ing one thing’’,"‘‘Na (which) zhang (classifier) tu
(picture) li (within) ayi (aunt) zai (progressive) X yi-(one) ge (classifier) dongxi (thing)?’’ ‘‘Ayi (aunt) zai (progressive) X yi-(one) ge (classifier) dongxi (thing) de (progressive) tu (picture) shi (is) na (which) yi-(one) ge(classifier)’’ ‘‘In which picture is she X-ing something?’’",1
anjie,imai2008,https://srcd.onlinelibrary.wiley.com/doi/full/10.1111/j.1467-8624.2008.01171.x?casa_token=o2E4FFLF4HIAAAAA%3A5H3uyVEjiO8tV6v1LqpJB3hup4UkBlZWhYo5qXQRTRHP0OpD6_MnyBN8vxb790WS9prLRcm9gv1PgQ,verb and noun,"Imai, M., Li, L., Haryu, E., Okada, H., Hirsh‐Pasek, K., Golinkoff, R. M., & Shigematsu, J. (2008).",5,verb_with_argument_highlight_action_3YO_CN,point_scene,action,16,0.41,NA,0.5,0.3,NA,0.3,NA,NA,no,Chinese,1241.952,NA,NA,typically_developing,transitive,noun,noun,fake_verb,video_person,video,person,simultaneous,no,yes,distributed,6,1,3,2,‘‘Ni (you) kan (look)! Ayi (girl) zai (progressive) X yi (one) ge (classifier) dongxi (thing) ne (mode marking particle)’’ ‘‘Look (a) girl is X-ing one thing’’ ‘‘Ni (you) kan (look)! Ayi (girl) zhengzai (progressive) X yi (one) ge (classifier) dongxi (thing) ne (mode marking particle)’’‘‘Look (a) girl is X-ing one thing’’ ‘‘Ni (you) kan (look)! Ayi (girl) yizhizai (progressive) X yi (one) ge (classifier) dongxi (thing) ne (mode marking particle)’’‘‘Look (a) girl is always X-ing one thing’’,"‘‘Na (which) zhang (classifier) tu
(picture) li (within) ayi (aunt) zai (progressive) X yi-(one) ge (classifier) dongxi (thing)?’’ ‘‘Ayi (aunt) zai (progressive) X yi-(one) ge (classifier) dongxi (thing) de (progressive) tu (picture) shi (is) na (which) yi-(one) ge(classifier)’’ ‘‘In which picture is she X-ing something?’’",1
anjie,imai2008,https://srcd.onlinelibrary.wiley.com/doi/full/10.1111/j.1467-8624.2008.01171.x?casa_token=o2E4FFLF4HIAAAAA%3A5H3uyVEjiO8tV6v1LqpJB3hup4UkBlZWhYo5qXQRTRHP0OpD6_MnyBN8vxb790WS9prLRcm9gv1PgQ,verb and noun,"Imai, M., Li, L., Haryu, E., Okada, H., Hirsh‐Pasek, K., Golinkoff, R. M., & Shigematsu, J. (2008).",5,verb_with_argument_highlight_action_5YO_CN,point_scene,action,15,0.88,NA,0.5,0.15,NA,0.15,9.934,NA,no,Chinese,1972.512,NA,NA,typically_developing,transitive,noun,noun,fake_verb,video_person,video,person,simultaneous,no,yes,distributed,6,1,3,2,‘‘Ni (you) kan (look)! Ayi (girl) zai (progressive) X yi (one) ge (classifier) dongxi (thing) ne (mode marking particle)’’ ‘‘Look (a) girl is X-ing one thing’’ ‘‘Ni (you) kan (look)! Ayi (girl) zhengzai (progressive) X yi (one) ge (classifier) dongxi (thing) ne (mode marking particle)’’‘‘Look (a) girl is X-ing one thing’’ ‘‘Ni (you) kan (look)! Ayi (girl) yizhizai (progressive) X yi (one) ge (classifier) dongxi (thing) ne (mode marking particle)’’‘‘Look (a) girl is always X-ing one thing’’,"‘‘Na (which) zhang (classifier) tu
(picture) li (within) ayi (aunt) zai (progressive) X yi-(one) ge (classifier) dongxi (thing)?’’ ‘‘Ayi (aunt) zai (progressive) X yi-(one) ge (classifier) dongxi (thing) de (progressive) tu (picture) shi (is) na (which) yi-(one) ge(classifier)’’ ‘‘In which picture is she X-ing something?’’",1
anjie,imai2008,https://srcd.onlinelibrary.wiley.com/doi/full/10.1111/j.1467-8624.2008.01171.x?casa_token=o2E4FFLF4HIAAAAA%3A5H3uyVEjiO8tV6v1LqpJB3hup4UkBlZWhYo5qXQRTRHP0OpD6_MnyBN8vxb790WS9prLRcm9gv1PgQ,verb and noun,"Imai, M., Li, L., Haryu, E., Okada, H., Hirsh‐Pasek, K., Golinkoff, R. M., & Shigematsu, J. (2008).",6,verb_with_argument_highlight_action_En,point_scene,action,16,0.53,NA,0.5,0.27,NA,0.27,NA,NA,no,English,1315.008,NA,NA,typically_developing,transitive,pronoun,pronoun,fake_verb,video_person,video,person,simultaneous,no,yes,distributed,6,1,3,2,Look! She is X-ing it!,Where is she X-ing it?,2
anjie,imai2008,https://srcd.onlinelibrary.wiley.com/doi/full/10.1111/j.1467-8624.2008.01171.x?casa_token=o2E4FFLF4HIAAAAA%3A5H3uyVEjiO8tV6v1LqpJB3hup4UkBlZWhYo5qXQRTRHP0OpD6_MnyBN8vxb790WS9prLRcm9gv1PgQ,verb and noun,"Imai, M., Li, L., Haryu, E., Okada, H., Hirsh‐Pasek, K., Golinkoff, R. M., & Shigematsu, J. (2008).",6,verb_with_argument_highlight_action_JP,point_scene,action,14,0.52,NA,0.5,0.33,NA,0.33,NA,NA,no,Japanese,1315.008,NA,NA,typically_developing,bare_verb,"NA","NA",fake_verb,video_person,video,person,simultaneous,no,yes,distributed,6,1,3,1,"‘‘Mite (look)! X-teiru (X-progressive)’’ ‘‘Look, X-ing’’",X-teiru-no(Genetive particle)-wa (Topic particle) docchi (which movie)?’’ ‘‘In which (movie) is (she) X-ing?’’,1
izzy,jin2015,https://www.ideals.illinois.edu/handle/2142/78435,verb,"Jin, K. S. (2015)",1,no_bystander_transitive,looking_duration,action,12,0.56,NA,0.5,0.16,NA,0.16,NA,NA,no,English,471.82,NA,18,typically_developing,transitive,pronoun_and_noun,noun,fake_verb,animation_shape,animation,non-person,asynchronous,"NA","NA",mass,1,2,17,2,He's kradding him!,Find kradding!,2
izzy,jin2015,https://www.ideals.illinois.edu/handle/2142/78436,verb,"Jin, K. S. (2015)",1,no_bystander_intransitive,looking_duration,action,12,0.6,NA,0.5,0.16,NA,0.16,NA,NA,no,English,471.82,NA,18,typically_developing,intransitive,pronoun_and_noun,"NA",fake_verb,animation_shape,animation,non-person,asynchronous,"NA","NA",mass,1,2,17,2,He's kradding!,Find kradding!,2
izzy,jin2015,https://www.ideals.illinois.edu/handle/2142/78437,verb,"Jin, K. S. (2015)",1_rep,no_bystander_transitive_ rep,looking_duration,action,12,0.62,NA,0.5,0.1,NA,0.1,NA,NA,no,English,453.556,NA,18.5,typically_developing,transitive,pronoun_and_noun,noun,fake_verb,animation_shape,animation,non-person,asynchronous,"NA","NA",mass,1,2,17,2,He's kradding him!,Find kradding!,2
izzy,jin2015,https://www.ideals.illinois.edu/handle/2142/78438,verb,"Jin, K. S. (2015)",1_rep,no_bystander_intransitive_rep,looking_duration,action,12,0.49,NA,0.5,0.11,NA,0.11,NA,NA,no,English,453.556,NA,18.5,typically_developing,intransitive,pronoun_and_noun,"NA",fake_verb,animation_shape,animation,non-person,asynchronous,"NA","NA",mass,1,2,17,2,He's kradding!,Find kradding!,2
izzy,jin2015,https://www.ideals.illinois.edu/handle/2142/78437,verb,"Jin, K. S. (2015)",2,bystander_transitive,looking_duration,action,12,0.58,NA,0.5,0.18,NA,0.18,NA,NA,no,English,471.82,NA,25,typically_developing,transitive,pronoun_and_noun,noun,fake_verb,animation_shape,animation,non-person,asynchronous,"NA","NA",mass,1,2,17,2,He's kradding him!,Find kradding!,2
izzy,jin2015,https://www.ideals.illinois.edu/handle/2142/78438,verb,"Jin, K. S. (2015)",2,bystander_intransitive,looking_duration,action,12,0.63,NA,0.5,0.19,NA,0.19,NA,NA,no,English,471.82,NA,25,typically_developing,intransitive,pronoun_and_noun,"NA",fake_verb,animation_shape,animation,non-person,asynchronous,"NA","NA",mass,1,2,17,2,He's kradding!,Find kradding!,2
izzy,jin2015,https://www.ideals.illinois.edu/handle/2142/78439,verb,"Jin, K. S. (2015)",3,it_transitive,looking_duration,action,16,0.56,NA,0.5,0.09,NA,0.09,NA,NA,no,English,578.36,NA,17,typically_developing,transitive,pronoun_and_noun,noun,fake_verb,animation_shape,animation,non-person,asynchronous,"NA","NA",mass,1,3,13,3,The cat lorped the bunny!,it's lorping it!,2
izzy,jin2015,https://www.ideals.illinois.edu/handle/2142/78440,verb,"Jin, K. S. (2015)",3,it_intransitive,looking_duration,action,16,0.53,NA,0.5,0.14,NA,0.14,NA,NA,no,English,578.36,NA,17,typically_developing,intransitive,pronoun_and_noun,"NA",fake_verb,animation_shape,animation,non-person,asynchronous,"NA","NA",mass,1,3,13,3,The cat lorped!,it's lorping!,2
anjie,jin2015,https://www.ideals.illinois.edu/handle/2142/78440,verb,"Jin, K. S. (2015)",4,same_verb_transitive,looking_duration,action,16,0.54,NA,0.5,0.12,NA,0.12,NA,NA,no,Korean,937.552,NA,103,typically_developing,transitive,noun_and_dropping,noun_and_dropping,fake_verb,video_person,video,person,asynchronous,"NA","NA",mass,1,3,12,3,(Minsu) is thomming the cat,Is thomming! find thomming!,1
anjie,jin2015,https://www.ideals.illinois.edu/handle/2142/78440,verb,"Jin, K. S. (2015)",4,same_verb_intransitive,looking_duration,action,16,0.5700000000000001,NA,0.5,0.12,NA,0.12,NA,NA,no,Korean,937.552,NA,103,typically_developing,intransitive,noun_and_dropping,"NA",fake_verb,video_person,video,person,asynchronous,"NA","NA",mass,1,3,12,3,Minsu is thomming,Is thomming! find thomming!,1
anjie,jin2015,https://www.ideals.illinois.edu/handle/2142/78440,verb,"Jin, K. S. (2015)",4,different_verb_transitive,looking_duration,action,16,0.46,NA,0.5,0.17,NA,0.17,NA,NA,no,Korean,937.552,NA,103,typically_developing,transitive,noun_and_dropping,noun_and_dropping,fake_verb,video_person,video,person,asynchronous,"NA","NA",mass,1,3,12,3,(Minsu) is thomming the cat,is mwupping! find mwupping!,1
anjie,jin2015,https://www.ideals.illinois.edu/handle/2142/78440,verb,"Jin, K. S. (2015)",4,different_verb_intransitive,looking_duration,action,16,0.51,NA,0.5,0.14,NA,0.14,NA,NA,no,Korean,937.552,NA,103,typically_developing,intransitive,noun_and_dropping,"NA",fake_verb,video_person,video,person,asynchronous,"NA","NA",mass,1,3,12,3,Minsu is thomming,is mwupping! find mwupping!,1
izzy/anjie,lidz2009,https://www.researchgate.net/profile/Jeffrey_Lidz/publication/228542830_When_one_cue_is_better_than_two_Lexical_vs_Syntactic_Cues_to_Verb_Learning/links/02bfe512def60ae77c000000.pdf,verb,"Lidz, J., Bunger, A., Leddon, E., Baier, R., & Waxman, S. R. (2009)",1,low_lexical,looking_duration,action,16,0.51,0.3,0.5,0.062,0.035,0.062,NA,NA,no,English,697.076,190,NA,typically_developing,intransitive,noun_and_pronoun,"NA",fake_verb,video_person,video,person,asynchronous,"NA","NA",distributed,4,1,NA,5,Look! The flower is blicking.,Which one is blicking?,1
izzy/anjie,lidz2009,https://www.researchgate.net/profile/Jeffrey_Lidz/publication/228542830_When_one_cue_is_better_than_two_Lexical_vs_Syntactic_Cues_to_Verb_Learning/links/02bfe512def60ae77c000000.pdf,verb,"Lidz, J., Bunger, A., Leddon, E., Baier, R., & Waxman, S. R. (2009)",1,high_lexical,looking_duration,action,16,0.35,0.37,0.5,0.047,0.039,0.047,NA,NA,no,English,697.076,190,NA,typically_developing,intransitive,noun,"NA",fake_verb,video_person,video,person,asynchronous,"NA","NA",distributed,4,1,NA,5,Look! That thing is blicking!,Which one is blicking?,1
izzy/anjie,lidz2009,https://www.researchgate.net/profile/Jeffrey_Lidz/publication/228542830_When_one_cue_is_better_than_two_Lexical_vs_Syntactic_Cues_to_Verb_Learning/links/02bfe512def60ae77c000000.pdf,verb,"Lidz, J., Bunger, A., Leddon, E., Baier, R., & Waxman, S. R. (2009)",2,familiarization_low_lexical,looking_duration,action,16,0.49,0.36,0.5,0.061,0.039,0.061,NA,NA,no,English,697.076,192,NA,typically_developing,intransitive,noun_and_pronoun,"NA",fake_verb,video_person,video,person,asynchronous,yes,"NA",distributed,4,1,NA,5,Look! The flower is blicking.,Which one is blicking?,1
izzy/anjie,lidz2009,https://www.researchgate.net/profile/Jeffrey_Lidz/publication/228542830_When_one_cue_is_better_than_two_Lexical_vs_Syntactic_Cues_to_Verb_Learning/links/02bfe512def60ae77c000000.pdf,verb,"Lidz, J., Bunger, A., Leddon, E., Baier, R., & Waxman, S. R. (2009)",2,familiarization_high_lexical,looking_duration,action,16,0.6,0.39,0.5,0.046,0.044,0.046,NA,NA,no,English,697.076,192,NA,typically_developing,intransitive,noun,"NA",fake_verb,video_person,video,person,asynchronous,yes,"NA",distributed,4,1,NA,5,Look! That thing is blicking!,Which one is blicking?,1
izzy,messenger2014,https://www.tandfonline.com/doi/full/10.1080/15475441.2014.978331?scroll=top&needAccess=true,verb,"Messenger, K., Yuan, S., & Fisher, C. (2015)",1,same_transitive,looking_duration,action,8,0.6797804208600183,NA,0.5,0.14,NA,0.21,NA,NA,no,English,684.9,NA,38,typically_developing,transitive,noun_and_pronoun,noun,fake_verb,video_person,video,person,asynchronous,"NA",yes,mass,1,2,16,2,And Bill was blicking the duck.,Find X-ing!,2
izzy,messenger2014,https://www.tandfonline.com/doi/full/10.1080/15475441.2014.978331?scroll=top&needAccess=true,verb,"Messenger, K., Yuan, S., & Fisher, C. (2015)",1,same_intransitive,looking_duration,action,8,0.62,NA,0.5,0.14,NA,0.2,NA,NA,no,English,684.9,NA,38,typically_developing,intransitive,noun_and_pronoun,"NA",fake_verb,video_person,video,person,asynchronous,"NA",yes,mass,1,2,16,2,And Bill was blicking.,Find X-ing!,2
anjie,messenger2014,https://www.tandfonline.com/doi/full/10.1080/15475441.2014.978331?scroll=top&needAccess=true,verb,"Messenger, K., Yuan, S., & Fisher, C. (2015)",1,different_transitive,looking_duration,action,8,0.48815165876777256,NA,0.5,0.14509708737864077,NA,0.14509708737864077,NA,NA,no,English,684.9,NA,38,typically_developing,transitive,noun_and_pronoun,noun,fake_verb,video_person,video,person,asynchronous,"NA",yes,mass,1,2,16,2,And Bill was blicking the duck.,Find X-ing!,1
anjie,messenger2014,https://www.tandfonline.com/doi/full/10.1080/15475441.2014.978331?scroll=top&needAccess=true,verb,"Messenger, K., Yuan, S., & Fisher, C. (2015)",1,different_intransitive,looking_duration,action,8,0.45734597156398105,NA,0.5,0.14454976303317535,NA,0.14454976303317535,NA,NA,no,English,684.9,NA,38,typically_developing,intransitive,noun_and_pronoun,"NA",fake_verb,video_person,video,person,asynchronous,"NA",yes,mass,1,2,16,2,And Bill was blicking.,Find X-ing!,1
maya/anjie,naigles1993,https://www.jstor.org/stable/pdf/1131462.pdf?seq=2,verb,"Naigles, L. G., & Kako, E.T. (1993).",2,transitive_sentence,looking_duration,action,20,0.5051546391752578,NA,0.5,0.12164948453608247,NA,0.12164948453608247,NA,NA,no,English,852.32,NA,NA,typically_developing,transitive,noun,noun,fake_verb,video_animal,video,non-person,immediate_after,yes,"NA",distributed,4,2,3,6,the duck is gorping the frog,Oh! They're different now!Where's gorping now? Find gorping!,2
maya/anjie,naigles1993,https://www.jstor.org/stable/pdf/1131462.pdf?seq=3,verb,"Naigles, L. G., & Kako, E.T. (1993).",2,intransitive_sentence,looking_duration,action,16,0.564755838641189,NA,0.5,0.118895966029724,NA,0.118895966029724,NA,NA,no,English,791.44,NA,NA,typically_developing,intransitive,2noun,"NA",fake_verb,video_animal,video,non-person,immediate_after,yes,"NA",distributed,4,2,3,6,the duck and the frog are gorping,Oh! They're different now!Where's gorping now? Find gorping!,2
maya/anjie,naigles1993,https://www.jstor.org/stable/pdf/1131462.pdf?seq=4,verb,"Naigles, L. G., & Kako, E.T. (1993).",3,transitive_sentence,looking_duration,action,20,0.5526881720430107,NA,0.5,0.17634408602150536,NA,0.17634408602150536,NA,NA,no,English,852.32,NA,NA,typically_developing,transitive,noun,noun,fake_verb,video_animal,video,non-person,immediate_after,yes,"NA",distributed,4,2,3,6,the duck is tigging the frog,Oh! They're different now!Where's gorping now? Find gorping!,1
maya/anjie,naigles1996,https://www.sciencedirect.com/science/article/pii/0010027795006818,verb,"Naigles, L. R. (1996).",1,omitted_object,looking_duration,action,32,0.5485232067510548,NA,0.5,0.10970464135021096,NA,0.10970464135021096,NA,NA,no,English,870.584,NA,NA,typically_developing,transitive,noun,noun_and_dropping,fake_verb,video_animal,video,non-person,immediate_after,yes,"NA",distributed,4,2,9,6,"the duck is sebbing the frog, the duck is sebbing",Oh! They're different now! See? They're different now! Where's sebbing now? Find sebbing now! See sebbing now? Look at sebbing!,1
maya/anjie,naigles1996,https://www.sciencedirect.com/science/article/pii/0010027795006818,verb,"Naigles, L. R. (1996).",1,intransitive_only,looking_duration,action,24,0.5954545454545455,NA,0.5,0.1409090909090909,NA,0.1409090909090909,NA,NA,no,English,856.886,NA,NA,typically_developing,intransitive,noun,"NA",fake_verb,video_animal,video,non-person,immediate_after,yes,"NA",distributed,4,2,9,6,the duck is sebbing!,Oh! They're different now! See? They're different now! Where's sebbing now? Find sebbing now! See sebbing now? Look at sebbing!,1
maya/anjie,naigles2011,https://onlinelibrary.wiley.com/doi/full/10.1002/aur.223?casa_token=Gny81KxMUrQAAAAA%3Adhn9dMHKXEwe1lAgt2RHsmj5fErzaV97YT5ad20C-S_-Op9-RR5jmfF9zq42yzO5IcFE133jdnM,verb,"Naigles, L. R., Kelty, E., Jaffery, R., & Fein, D. (2011).",1,transitive_intransitive,looking_duration,action,17,0.4766,0.4,0.5,0.179,0.1085,0.17,2.51,0.82,naigles2011,English,1000.2584,94.11,NA,ASD,transitive,noun,noun,fake_verb,video_animal,video,non-person,immediate_after,"NA","NA",distributed,2,2,3,6,the duck is gorping the bunny!,They're different now! Where is gorping now?Find gorping!,2
maya/anjie,naigles2011,https://onlinelibrary.wiley.com/doi/full/10.1002/aur.223?casa_token=Gny81KxMUrQAAAAA%3Adhn9dMHKXEwe1lAgt2RHsmj5fErzaV97YT5ad20C-S_-Op9-RR5jmfF9zq42yzO5IcFE133jdnM,verb,"Naigles, L. R., Kelty, E., Jaffery, R., & Fein, D. (2011).",1,transitive_intransitive,looking_duration,action,18,0.49,0.49,0.5,0.1,0.1552,0.1,1.72,0.41,naigles2011,English,626.7596,118.77,NA,typically_developing,transitive,noun,noun,fake_verb,video_animal,video,non-person,immediate_after,"NA","NA",distributed,2,2,3,6,the duck is gorping the bunny!,They're different now! Where is gorping now?Find gorping!,2
anjie,scott2009,https://www.ncbi.nlm.nih.gov/pmc/articles/PMC2701745/,verb,"Scott, R. M., & Fisher, C. (2009).",2,unspecified_object_same_verb,looking_duration,action,12,0.39,NA,0.5,0.21,NA,0.21,NA,NA,no,English,855.364,NA,70,typically_developing,transitive,pronoun_and_noun,noun_and_dropping,fake_verb,video_person,video,person,asynchronous,yes,yes,mass,1,2,15,2,Matt dacked the pillo. Really? He dacked the pillow? Yeah. He dacked. Right. He dacked.,The girl is dacking the boy. Find dacking!,1
anjie,scott2009,https://www.ncbi.nlm.nih.gov/pmc/articles/PMC2701745/,verb,"Scott, R. M., & Fisher, C. (2009).",2,unspecified_object_different_verb,looking_duration,action,12,0.41,NA,0.5,0.17,NA,0.17,NA,NA,no,English,855.364,NA,70,typically_developing,transitive,pronoun_and_noun,noun_and_dropping,fake_verb,video_person,video,person,asynchronous,yes,yes,mass,1,2,15,2,Matt dacked the pillo. Really? He dacked the pillow? Yeah. He dacked. Right. He dacked.,The girl is pimming the boy. Find pimming!,1
anjie,yuan2009a,https://journals.sagepub.com/doi/abs/10.1111/j.1467-9280.2009.02341.x,verb,"Yuan, S., & Fisher, C. (2009).",1,transitive_sentence,looking_duration,action,8,0.6267880364109233,NA,0.5,0.05591677503250975,NA,0.05591677503250975,NA,NA,no,English,870.584,NA,78.5,typical_developing,transitive,pronoung_and_noun,noun,fake_verb,video_person,video,person,asynchronous,"NA",yes,mass,1,2,8,2,Hey...Jim is gonna blick the cat!,Find blicking! Where’s blicking? See? Where’s blicking?,2
anjie,yuan2009a,https://journals.sagepub.com/doi/abs/10.1111/j.1467-9280.2009.02341.x,verb,"Yuan, S., & Fisher, C. (2009).",1,intransitive_sentence,looking_duration,action,8,0.553020134228188,NA,0.5,0.053691275167785234,NA,0.05369127516778524,NA,NA,no,English,870.584,NA,78.5,typical_developing,intransitive,pronoung_and_noun,"NA",fake_verb,video_person,video,person,asynchronous,"NA",yes,mass,1,2,8,2,Hey...Jim is gonna blick!,Find blicking! Where’s blicking? See? Where’s blicking?,2
anjie,yuan2009a,https://journals.sagepub.com/doi/abs/10.1111/j.1467-9280.2009.02341.x,verb,"Yuan, S., & Fisher, C. (2009).",2,transitive_sentence_same_day,looking_duration,action,8,0.7035110533159948,NA,0.5,0.04941482444733421,NA,0.04941482444733421,NA,NA,no,English,864.496,NA,72.5,typical_developing,transitive,pronoung_and_noun,noun,fake_verb,video_person,video,person,asynchronous,"NA",yes,mass,1,3,12,3,Hey...Jim is gonna blick the cat!,Find blicking! Where’s blicking? See? Where’s blicking?,2
anjie,yuan2009a,https://journals.sagepub.com/doi/abs/10.1111/j.1467-9280.2009.02341.x,verb,"Yuan, S., & Fisher, C. (2009).",2,intransitive_sentence_same_day,looking_duration,action,8,0.42916666666666664,NA,0.5,0.02638888888888889,NA,0.02638888888888889,NA,NA,no,English,864.496,NA,72.5,typical_developing,transitive,pronoung_and_noun,"NA",fake_verb,video_person,video,person,asynchronous,"NA",yes,mass,1,3,12,3,Hey...Jim is gonna blick!,Find blicking! Where’s blicking? See? Where’s blicking?,2
anjie,yuan2012,https://srcd.onlinelibrary.wiley.com/doi/full/10.1111/j.1467-8624.2012.01783.x?casa_token=L0uY-e1_C9sAAAAA%3AzP8_NodiA0Z5TaR4sfXCXxhhXOkp63eKDs0p2ofpNhOEj52lWyR9-FNbNd7e1CVBm1rlv3ZG0Y8,verb,"Yuan, S., Fisher, C., & Snedeker, J. (2012)",1,transitive_sentence_simple_event,looking_duration,action,8,0.67,NA,0.5,0.13,NA,0.13,NA,NA,no,English,648.372,NA,30,typical_developing,transitive,pronoun,pronoun,fake_verb,video_person,video,person,immediate_after,"NA",yes,mass,1,2,5,2,He's gorping him!,Find gorping.,2
anjie,yuan2012,https://srcd.onlinelibrary.wiley.com/doi/full/10.1111/j.1467-8624.2012.01783.x?casa_token=L0uY-e1_C9sAAAAA%3AzP8_NodiA0Z5TaR4sfXCXxhhXOkp63eKDs0p2ofpNhOEj52lWyR9-FNbNd7e1CVBm1rlv3ZG0Y8,verb,"Yuan, S., Fisher, C., & Snedeker, J. (2012)",1,intransitive_sentence_bystander_event,looking_duration,action,8,0.55,NA,0.5,0.21,NA,0.21,NA,NA,no,English,648.372,NA,30,typical_developing,intransitive,pronoun,"NA",fake_verb,video_person,video,person,immediate_after,"NA",yes,mass,1,2,5,2,He's gorping!,Find gorping.,2
anjie,yuan2012,https://srcd.onlinelibrary.wiley.com/doi/full/10.1111/j.1467-8624.2012.01783.x?casa_token=L0uY-e1_C9sAAAAA%3AzP8_NodiA0Z5TaR4sfXCXxhhXOkp63eKDs0p2ofpNhOEj52lWyR9-FNbNd7e1CVBm1rlv3ZG0Y8,verb,"Yuan, S., Fisher, C., & Snedeker, J. (2012)",1_rep,transitive_sentence_simple_event,looking_duration,action,8,0.7,NA,0.5,0.16,NA,0.16,NA,NA,no,English,648.372,NA,54.5,typical_developing,transitive,pronoun,pronoun,fake_verb,video_person,video,person,immediate_after,"NA",yes,mass,1,2,5,2,He's gorping him!,Find gorping.,2
anjie,yuan2012,https://srcd.onlinelibrary.wiley.com/doi/full/10.1111/j.1467-8624.2012.01783.x?casa_token=L0uY-e1_C9sAAAAA%3AzP8_NodiA0Z5TaR4sfXCXxhhXOkp63eKDs0p2ofpNhOEj52lWyR9-FNbNd7e1CVBm1rlv3ZG0Y8,verb,"Yuan, S., Fisher, C., & Snedeker, J. (2012)",1_rep,intransitive_sentence_bystander_event,looking_duration,action,8,0.51,NA,0.5,0.13,NA,0.13,NA,NA,no,English,648.372,NA,54.5,typical_developing,intransitive,pronoun,"NA",fake_verb,video_person,video,person,immediate_after,"NA",yes,mass,1,2,5,2,He's gorping!,Find gorping.,2
anjie,yuan2012,https://srcd.onlinelibrary.wiley.com/doi/full/10.1111/j.1467-8624.2012.01783.x?casa_token=L0uY-e1_C9sAAAAA%3AzP8_NodiA0Z5TaR4sfXCXxhhXOkp63eKDs0p2ofpNhOEj52lWyR9-FNbNd7e1CVBm1rlv3ZG0Y8,verb,"Yuan, S., Fisher, C., & Snedeker, J. (2012)",2,transitive_sentence_bystander_event,looking_duration,action,8,0.66,NA,0.5,0.18,NA,0.18,NA,NA,no,English,630.108,NA,26.5,typical_developing,transitive,pronoun,pronoun,fake_verb,video_person,video,person,immediate_after,"NA",yes,mass,1,2,7,2,He's gorping him!,Find gorping.,2
anjie,yuan2012,https://srcd.onlinelibrary.wiley.com/doi/full/10.1111/j.1467-8624.2012.01783.x?casa_token=L0uY-e1_C9sAAAAA%3AzP8_NodiA0Z5TaR4sfXCXxhhXOkp63eKDs0p2ofpNhOEj52lWyR9-FNbNd7e1CVBm1rlv3ZG0Y8,verb,"Yuan, S., Fisher, C., & Snedeker, J. (2012)",2,intransitive_sentence_bystander_event,looking_duration,action,8,0.53,NA,0.5,0.17,NA,0.17,NA,NA,no,English,630.108,NA,26.5,typical_developing,intransitive,pronoun,"NA",fake_verb,video_person,video,person,immediate_after,"NA",yes,mass,1,2,7,2,He's gorping!,Find gorping.,2
anjie,yuan2012,https://srcd.onlinelibrary.wiley.com/doi/full/10.1111/j.1467-8624.2012.01783.x?casa_token=L0uY-e1_C9sAAAAA%3AzP8_NodiA0Z5TaR4sfXCXxhhXOkp63eKDs0p2ofpNhOEj52lWyR9-FNbNd7e1CVBm1rlv3ZG0Y8,verb,"Yuan, S., Fisher, C., & Snedeker, J. (2012)",3,transitive_simple_events,looking_duration,action,12,0.67,NA,0.5,0.06,NA,0.06,NA,NA,no,English,572.272,NA,16,typical_developing,transitive,pronoun_and_noun,noun,fake_verb,video_person,video,person,asynchronous,"NA","NA",mass,1,2,14,2,He's gorping him!,Find gorping.,2
anjie,yuan2012,https://srcd.onlinelibrary.wiley.com/doi/full/10.1111/j.1467-8624.2012.01783.x?casa_token=L0uY-e1_C9sAAAAA%3AzP8_NodiA0Z5TaR4sfXCXxhhXOkp63eKDs0p2ofpNhOEj52lWyR9-FNbNd7e1CVBm1rlv3ZG0Y8,verb,"Yuan, S., Fisher, C., & Snedeker, J. (2012)",3,intransitive_simple_events,looking_duration,action,12,0.47,NA,0.5,0.2,NA,0.2,NA,NA,no,English,572.272,NA,16,typical_developing,intransitive,pronoun_and_noun,"NA",fake_verb,video_person,video,person,asynchronous,"NA","NA",mass,1,2,14,2,He's gorping!,Find gorping.,2
anjie,yuan2012,https://srcd.onlinelibrary.wiley.com/doi/full/10.1111/j.1467-8624.2012.01783.x?casa_token=L0uY-e1_C9sAAAAA%3AzP8_NodiA0Z5TaR4sfXCXxhhXOkp63eKDs0p2ofpNhOEj52lWyR9-FNbNd7e1CVBm1rlv3ZG0Y8,verb,"Yuan, S., Fisher, C., & Snedeker, J. (2012)",3,transitive_sentence_bystander_event,looking_duration,action,12,0.57,NA,0.5,0.17,NA,0.17,NA,NA,no,English,572.272,NA,16,typical_developing,intransitive,pronoun_and_noun,noun,fake_verb,video_person,video,person,asynchronous,"NA","NA",mass,1,3,18,3,He's gorping him!,Find gorping.,2
anjie,yuan2012,https://srcd.onlinelibrary.wiley.com/doi/full/10.1111/j.1467-8624.2012.01783.x?casa_token=L0uY-e1_C9sAAAAA%3AzP8_NodiA0Z5TaR4sfXCXxhhXOkp63eKDs0p2ofpNhOEj52lWyR9-FNbNd7e1CVBm1rlv3ZG0Y8,verb,"Yuan, S., Fisher, C., & Snedeker, J. (2012)",3,intransitive_sentence_bystander_event,looking_duration,action,12,0.64,NA,0.5,0.09,NA,0.09,NA,NA,no,English,572.272,NA,16,typical_developing,transitive,pronoun_and_noun,"NA",fake_verb,video_person,video,person,asynchronous,"NA","NA",mass,1,3,18,3,He's gorping!,Find gorping.,2
